name	factions	cats_min	cats_max	bounty	gear_est	armour	weapon	sid
Experienced Man	-	200000	200000	0	13850	13450	400	45551-Newwworld.mod
Shogun Kazuhiro	The Dominion	99999	100000	500000	21800	20800	1000	5034223-Universal Wasteland Expansion.mod
Lady Merin	-	0	100000	20000	18339	17850	489	1533702-__world reactions Slavers.mod
Noble Hunter /UCNAME/	Northern Nobles/Southern Nobles/Traders Guild/United Cities/Western Nobles	0	100000	0	17724	17235	489	96172-rebirth.mod
Grand Marshall Krug	-	99999	100000	500000	13120	12200	920	5007592-Holy Order of Chitrin.mod
Daimyo Takamatsu	-	0	100000	20000	12360	11360	1000	5035675-Universal Wasteland Expansion.mod
Daimyo Hirohashi	-	0	100000	20000	12360	11360	1000	5035676-Universal Wasteland Expansion.mod
Daimyo Reizei	-	0	100000	20000	12360	11360	1000	5035682-Universal Wasteland Expansion.mod
Daimyo Chikusa	-	0	100000	20000	12360	11360	1000	5035684-Universal Wasteland Expansion.mod
Daimyo Okazaki	-	0	100000	20000	12360	11360	1000	5035685-Universal Wasteland Expansion.mod
Daimyo Ishino	-	0	100000	20000	12360	11360	1000	5035687-Universal Wasteland Expansion.mod
Daimyo Asukai	-	0	100000	20000	12360	11360	1000	5035690-Universal Wasteland Expansion.mod
Daimyo Mibu	-	0	100000	20000	12360	11360	1000	5035828-Universal Wasteland Expansion.mod
Daimyo Nakazono	-	0	100000	20000	12360	11360	1000	5035829-Universal Wasteland Expansion.mod
Daimyo Kiyooka	-	0	100000	20000	12360	11360	1000	5035890-Universal Wasteland Expansion.mod
Daimyo /UCNAME/	-	0	100000	20000	12059	11360	699	5035386-Universal Wasteland Expansion.mod
Slave Mistress Grace	Slave Traders/Traders Guild	0	100000	10000	4100	3600	500	1533497-__world reactions Slavers.mod
Slave Mistress Ren	Slave Traders/Traders Guild	0	100000	10000	4100	3600	500	1533489-__world reactions Slavers.mod
Empire Noble /UCNAME/	Traders Guild	0	100000	10000	3920	3500	420	56175-rebirth.mod
Market Master /UCNAME/	Traders Guild	0	100000	10000	3800	3500	300	1533500-__world reactions Slavers.mod
Slave Master Grande	Traders Guild	0	100000	10000	3800	3500	300	1533499-__world reactions Slavers.mod
Slave Master Haga	Traders Guild	0	100000	10000	3800	3500	300	1533491-__world reactions Slavers.mod
Slave Master Ruben	Traders Guild	0	100000	10000	3800	3500	300	1533494-__world reactions Slavers.mod
Slave Master Wada	Traders Guild	0	100000	10000	3800	3500	300	1533488-__world reactions Slavers.mod
Lord Shiro	-	0	100000	20000	1339	500	839	1533707-__world reactions Slavers.mod
Lord Daichi	-	0	100000	20000	649	300	349	14-UC Warring Factions.mod
Marshal Karl	-	64999	65000	250000	13070	12200	870	5007593-Holy Order of Chitrin.mod
Marshal Martin	-	64999	65000	250000	13070	12200	870	5007594-Holy Order of Chitrin.mod
Seneschal Rodrick	-	64999	65000	100000	13070	12200	870	5007615-Holy Order of Chitrin.mod
Commander Esteban	-	64999	65000	100000	13070	12200	870	5031510-Universal Wasteland Expansion.mod
Commander Grimwald	-	64999	65000	100000	13070	12200	870	5031516-Universal Wasteland Expansion.mod
Commander Stephen	-	64999	65000	100000	13070	12200	870	5031524-Universal Wasteland Expansion.mod
Commander Graham	-	64999	65000	100000	13070	12200	870	5031529-Universal Wasteland Expansion.mod
Commander Isander	-	64999	65000	100000	13070	12200	870	5031533-Universal Wasteland Expansion.mod
Commander Pyotr	-	64999	65000	100000	13070	12200	870	5031538-Universal Wasteland Expansion.mod
Commander Xavier	-	64999	65000	100000	13070	12200	870	5031543-Universal Wasteland Expansion.mod
Drapier John	-	64999	65000	50000	8675	8300	375	5007595-Holy Order of Chitrin.mod
Armour King	-	0	60000	0	920	200	720	50250-rebirth.mod
Crab Raider /GENNAME/	Crab Raiders	500	50000	4000	20829	20375	454	62826-rebirth.mod
Crab Raider /GENNAME/	Crab Raiders	500	50000	4000	20829	20375	454	5007405-Universal Wasteland Expansion.mod
Crab Raider /GENNAME/	Crab Raiders	500	50000	4000	20829	20375	454	5007406-Universal Wasteland Expansion.mod
Crab Raider /GENNAME/	Crab Raiders	500	50000	4000	20829	20375	454	5007407-Universal Wasteland Expansion.mod
Crab Raider /GENNAME/	Crab Raiders	500	50000	4000	20829	20375	454	5007408-Universal Wasteland Expansion.mod
Quin	-	0	50000	0	1420	1000	420	55817-Dialogue.mod
Quin	-	0	50000	0	1420	1000	420	5059833-Universal Wasteland Expansion.mod
Shinobi Trader /GENNAME/	Shinobi Thieves	45000	45000	0	2010	1850	160	51731-rebirth.mod
Brother /HNNAME/	The Order of Chitrin	39999	40000	6000	13960	13060	900	5007598-Holy Order of Chitrin.mod
Gate Guard Leader /HNNAME/	-	39999	40000	6000	13494	12774	720	5031202-Universal Wasteland Expansion.mod
Turcopolier /HNNAME/	The Order of Chitrin	39999	40000	6500	13468	12568	900	5007599-Holy Order of Chitrin.mod
Commander of Men	-	39999	40000	50000	13070	12200	870	5007597-Holy Order of Chitrin.mod
Commander of Outpost	-	39999	40000	50000	13070	12200	870	5007596-Holy Order of Chitrin.mod
Earl Bloodaxe	The Sturmijaz	0	40000	0	9900	9300	600	5037272-Universal Wasteland Expansion.mod
Smuggler /GENNAME/	Shinobi Thieves	0	30000	0	2760	2600	160	51795-rebirth.mod
Daimyo Hatamoto /UCNAME/	The Dominion	0	25000	10000	13639	12800	839	5035379-Universal Wasteland Expansion.mod
Regina	-	0	25000	0	4670	4250	420	5027929-Universal Wasteland Expansion.mod
Undermarshal /HNNAME/	The Order of Chitrin	19999	20000	6500	13912	13012	900	5007600-Holy Order of Chitrin.mod
Bounty Marshal /HNNAME/	The Order of Chitrin	19999	20000	0	13912	13012	900	5032820-Universal Wasteland Expansion.mod
Undermarshal /HNNAME/	The Order of Chitrin	19999	20000	10000	13912	13012	900	5062243-Universal Wasteland Expansion.mod
Marshal Captain /HNNAME/	-	19999	20000	6500	13912	13012	900	5071542-Universal Wasteland Expansion.mod
Marshal Captain /HNNAME/	-	19999	20000	6500	13912	13012	900	5071543-Universal Wasteland Expansion.mod
Hatamoto	The Dominion	10000	20000	12000	9639	8800	839	5035370-Universal Wasteland Expansion.mod
Flotsam Smith	-	0	20000	0	3980	3740	240	53300-rebirth.mod
Varangian /VIK/	The Sturmijaz	8000	16000	0	17077	16497	580	5037179-Universal Wasteland Expansion.mod
Trader Boss /UCNAME/	Free Traders/The Dominion/The Holy Nation/Trade Ninjas/Traders Guild	12000	15000	0	14320	13900	420	2313-gamedata.base
Trader Boss /HNNAME/	The Holy Nation	12000	15000	0	14320	13900	420	5066409-Universal Wasteland Expansion.mod
Lower Brother /HNNAME/	The Order of Chitrin	14999	15000	5000	13614	12894	720	5007608-Holy Order of Chitrin.mod
Gate Guard /HNNAME/	-	14999	15000	5000	13494	12774	720	5031201-Universal Wasteland Expansion.mod
Police Chief /UCNAME/	-	7500	15000	0	4160	3800	360	5035382-Universal Wasteland Expansion.mod
Trader Boss /GENNAME/	Skeletons	10000	13500	0	14320	13900	420	2757651-Skeletons Expanded.mod
/HNNAME/	The Holy Nation	8000	12000	0	21200	20800	400	5000124-HN Ascended.mod
Bushi Rogue /UCNAME/	-	6000	12000	0	18169	17449	720	5035375-Universal Wasteland Expansion.mod
Trader Boss /UCNAME/	-	8000	12000	0	14320	13900	420	5039144-Universal Wasteland Expansion.mod
Caravan Boss /UCNAME/	Slave Traders	8000	12000	0	8780	8500	280	95766-rebirth.mod
Samurai Elite /UCNAME/	United Cities	5000	10000	12000	17639	16800	839	59429-rebirth.mod
Standard Bearer /HNNAME/	The Order of Chitrin	9999	10000	6000	13534	12634	900	5007601-Holy Order of Chitrin.mod
Duke Lohren	Free Traders	0	10000	20000	12950	12250	700	2758521-Minor Factions Expansion.mod
Daimyo Gado /UCNAME/	The Dominion	0	10000	5000	11720	11000	720	5035389-Universal Wasteland Expansion.mod
Daimyo Gado /UCNAME/	The Dominion	0	10000	8000	11490	10770	720	5035388-Universal Wasteland Expansion.mod
Caravan Guard /GENNAME/	Slave Traders	10000	10000	0	8670	8470	200	95765-rebirth.mod
CHARACTER	Slave Traders	10000	10000	0	6380	6260	120	63479-rebirth.mod
Slaver Boss /UCNAME/	Slave Traders	10000	10000	3500	5030	4550	480	54572-rebirth.mod
Bushi Police /UCNAME/	-	5000	10000	4000	1190	590	600	5035374-Universal Wasteland Expansion.mod
Caravan Boss /GENNAME/	Western Hive	5000	9000	0	9280	8830	450	5023137-Universal Wasteland Expansion.mod
Caravan Boss /GENNAME/	Mechanical Hive	5000	9000	0	9280	8830	450	5023178-Universal Wasteland Expansion.mod
Caravan Boss /GENNAME/	-	5000	9000	0	9190	8830	360	5022317-Universal Wasteland Expansion.mod
Caravan Boss /GENNAME/	Western Hive	5000	9000	0	1030	730	300	47189-Dialogue.mod
Caravan trader boss hiver	-	5000	9000	0	410	50	360	47234-Dialogue.mod
Trader Boss /GENNAME/	Dune Renegades	4000	8000	2500	27040	26440	600	2757644-Dune Rebels.mod
Trader Boss /GENNAME/	Hook Raiders	4000	8000	2500	24106	23506	600	2757640-Hook Rebels.mod
Inquisitor /HNNAME/	The Holy Nation	4000	8000	7500	21915	21341	574	18882-rebirth.mod
Trader Boss /HNNAME/	Holy Nation Outlaws	4000	8000	0	16335	15915	420	2757648-The Hub Re-Established.mod
Jonin Elite /UCNAME/	The Dominion/United Cities	4000	8000	10000	11604	11325	279	59430-rebirth.mod
/VIK/	The Sturmijaz	4000	8000	0	9977	9252	725	5037343-Universal Wasteland Expansion.mod
Bushi Heavy /UCNAME/	The Dominion	4000	8000	4000	9300	8580	720	5035373-Universal Wasteland Expansion.mod
Caravan Trader /GENNAME/	-	8000	8000	0	9260	8900	360	1090-gamedata.base
Bushi /UCNAME/	The Dominion	4000	8000	4000	9257	8561	696	5035366-Universal Wasteland Expansion.mod
Apothecary /UCNAME/	The Dominion	4000	8000	4000	9211	8515	696	5063914-Universal Wasteland Expansion.mod
Caravan Boss /GENNAME/	Northern Hive	2000	8000	0	9030	8480	550	5023169-Universal Wasteland Expansion.mod
Bushi Scout /UCNAME/	The Dominion	4000	8000	4000	9008	8408	600	5035376-Universal Wasteland Expansion.mod
Caravan Boss /GENNAME/	Midland Hive	2000	8000	0	8930	8480	450	5023160-Universal Wasteland Expansion.mod
Caravan Boss /GENNAME/	Midland Hive	2000	8000	0	8840	8480	360	2757545-Midland Hivers.mod
Caravan Boss /GENNAME/	Northern Hive	2000	8000	0	8840	8480	360	2757635-Northern Hivers.mod
Hersir /VIK/	The Sturmijaz	4000	8000	0	6405	5780	625	5037190-Universal Wasteland Expansion.mod
Vigmen	The Sturmijaz	4000	8000	0	6305	5805	500	5037177-Universal Wasteland Expansion.mod
Animal Trader /GENNAME/	Nomads	4000	8000	0	880	800	80	63538-rebirth.mod
Animal Trader /GENNAME/	Nomads	4000	8000	0	880	800	80	63752-rebirth.mod
The Five Invincibles	-	5000	7000	15000	9058	8450	608	51318-rebirth.mod
Holy Lord Phoenix	The Holy Nation	4000	6000	100000	56900	56100	800	17225-Dialogue.mod
Bele'coz Elite /SKNAME/	Bele'coz	3000	6000	8000	46261	45565	696	5054298-Universal Wasteland Expansion.mod
Samurai Sergeant /UCNAME/	Northern Nobles/Southern Nobles/United Cities/Western Nobles	4000	6000	5000	9220	8500	720	54293-rebirth.mod
Samurai Sergeant /UCNAME/	-	4000	6000	20000	9220	8500	720	5033476-Universal Wasteland Expansion.mod
Samurai Sergeant /UCNAME/	-	4000	6000	20000	9220	8500	720	5033478-Universal Wasteland Expansion.mod
Samurai Sergeant /UCNAME/	-	4000	6000	20000	9220	8500	720	5033480-Universal Wasteland Expansion.mod
Samurai Sergeant /UCNAME/	-	4000	6000	20000	9220	8500	720	5033481-Universal Wasteland Expansion.mod
Samurai Sergeant /UCNAME/	Northern Nobles/Southern Nobles/United Cities/Western Nobles	4000	6000	7500	9220	8500	720	5062215-Universal Wasteland Expansion.mod
Fence /GENNAME/	Shinobi Thieves	2000	6000	0	5300	5140	160	14492-gamedata.base
Fence /GENNAME/	Shinobi Thieves	2000	6000	0	3300	3140	160	5024995-Universal Wasteland Expansion.mod
Boss /GENNAME/	The Scorched Ones	3000	6000	5500	1208	488	720	2759557-Bandits Expansion.mod
Holy Lord Phoenix LXIII	The Holy Nation	2500	5000	100000	57000	56200	800	5036518-Universal Wasteland Expansion.mod
High Paladin /HNNAME/	The Holy Nation	3000	5000	6000	21354	20688	666	1411-gamedata.base
High Paladin /HNNAME/	The Holy Nation	3000	5000	7500	21354	20688	666	5062212-Universal Wasteland Expansion.mod
Paladin Elite /HNNAME/	The Holy Nation	3000	5000	12000	21349	20683	666	5054306-Universal Wasteland Expansion.mod
Mick the Grip	Hook Raiders	2500	5000	10000	14200	13600	600	2758986-Minor Factions Expansion.mod
Sargeant-at-arms /HNNAME/	The Order of Chitrin	4999	5000	4000	13640	12920	720	5007603-Holy Order of Chitrin.mod
Samurai Captain /UCNAME/	Traders Guild/United Cities	3000	5000	6000	9620	8900	720	2161-gamedata.base
Samurai Major /UCNAME/	-	3000	5000	6000	9620	8900	720	5071610-Universal Wasteland Expansion.mod
Samurai Major /UCNAME/	-	3000	5000	6000	9620	8900	720	5071609-Universal Wasteland Expansion.mod
Samurai Major /UCNAME/	-	3000	5000	6000	9620	8900	720	5071611-Universal Wasteland Expansion.mod
Samurai Major /UCNAME/	-	3000	5000	6000	9620	8900	720	5071612-Universal Wasteland Expansion.mod
Samurai Major /UCNAME/	-	3000	5000	6000	9620	8900	720	5071613-Universal Wasteland Expansion.mod
Samurai Major /UCNAME/	-	3000	5000	6000	9620	8900	720	5071614-Universal Wasteland Expansion.mod
Samurai Major /UCNAME/	-	3000	5000	6000	9620	8900	720	5071615-Universal Wasteland Expansion.mod
Samurai Major /UCNAME/	-	3000	5000	6000	9620	8900	720	5071616-Universal Wasteland Expansion.mod
Samurai Major /UCNAME/	-	3000	5000	6000	9620	8900	720	5071617-Universal Wasteland Expansion.mod
Samurai Major /UCNAME/	-	3000	5000	6000	9620	8900	720	5071618-Universal Wasteland Expansion.mod
Samurai Major /UCNAME/	-	3000	5000	6000	9620	8900	720	5071619-Universal Wasteland Expansion.mod
Samurai Major /UCNAME/	-	3000	5000	6000	9620	8900	720	5071620-Universal Wasteland Expansion.mod
Samurai Major /UCNAME/	-	3000	5000	6000	9620	8900	720	5071621-Universal Wasteland Expansion.mod
Samurai Major /UCNAME/	-	3000	5000	6000	9620	8900	720	5071622-Universal Wasteland Expansion.mod
Samurai Major /UCNAME/	-	3000	5000	6000	9620	8900	720	5071623-Universal Wasteland Expansion.mod
Samurai Major /UCNAME/	-	3000	5000	6000	9620	8900	720	5071624-Universal Wasteland Expansion.mod
Samurai Major /UCNAME/	-	3000	5000	6000	9620	8900	720	5071625-Universal Wasteland Expansion.mod
Samurai Major /UCNAME/	-	3000	5000	6000	9620	8900	720	5071626-Universal Wasteland Expansion.mod
Samurai Major /UCNAME/	-	3000	5000	6000	9620	8900	720	5071627-Universal Wasteland Expansion.mod
Samurai Major /UCNAME/	-	3000	5000	6000	9620	8900	720	5071628-Universal Wasteland Expansion.mod
Samurai Major /UCNAME/	-	3000	5000	6000	9620	8900	720	5071629-Universal Wasteland Expansion.mod
Samurai Major /UCNAME/	-	3000	5000	6000	9620	8900	720	5071630-Universal Wasteland Expansion.mod
Samurai Major /UCNAME/	-	3000	5000	6000	9620	8900	720	5071631-Universal Wasteland Expansion.mod
Samurai Major /UCNAME/	-	3000	5000	6000	9620	8900	720	5071632-Universal Wasteland Expansion.mod
Samurai Major /UCNAME/	-	3000	5000	6000	9620	8900	720	5071633-Universal Wasteland Expansion.mod
Samurai Major /UCNAME/	-	3000	5000	6000	9620	8900	720	5071634-Universal Wasteland Expansion.mod
Bushi Captain /UCNAME/	The Dominion	5000	5000	6000	9520	8800	720	5035367-Universal Wasteland Expansion.mod
Bushi Major /UCNAME/	-	5000	5000	6000	9520	8800	720	5071635-Universal Wasteland Expansion.mod
Bushi Major /UCNAME/	-	5000	5000	6000	9520	8800	720	5071636-Universal Wasteland Expansion.mod
Bushi Major /UCNAME/	-	5000	5000	6000	9520	8800	720	5071637-Universal Wasteland Expansion.mod
Bushi Major /UCNAME/	-	5000	5000	6000	9520	8800	720	5071638-Universal Wasteland Expansion.mod
Bushi Major /UCNAME/	-	5000	5000	6000	9520	8800	720	5071639-Universal Wasteland Expansion.mod
Bushi Major /UCNAME/	-	5000	5000	6000	9520	8800	720	5071640-Universal Wasteland Expansion.mod
Bushi Major /UCNAME/	-	5000	5000	6000	9520	8800	720	5071641-Universal Wasteland Expansion.mod
Bushi Major /UCNAME/	-	5000	5000	6000	9520	8800	720	5071642-Universal Wasteland Expansion.mod
Bushi Major /UCNAME/	-	5000	5000	6000	9520	8800	720	5071643-Universal Wasteland Expansion.mod
Bushi Major /UCNAME/	-	5000	5000	6000	9520	8800	720	5071644-Universal Wasteland Expansion.mod
Caravan Shopper	United Cities	2500	5000	0	9036	8340	696	5031796-Universal Wasteland Expansion.mod
Caravan Shopper	United Cities	2500	5000	0	9036	8340	696	5031798-Universal Wasteland Expansion.mod
Noble Captain /UCNAME/	Northern Nobles/Southern Nobles/United Cities/Western Nobles	3000	5000	0	8900	8300	600	56046-rebirth.mod
/VIK/	The Sturmijaz	2500	5000	0	6309	5809	500	5037176-Universal Wasteland Expansion.mod
/VIK/	The Sturmijaz	2500	5000	0	6286	5786	500	5037175-Universal Wasteland Expansion.mod
/VIK/	The Sturmijaz	2500	5000	0	2286	1786	500	5037180-Universal Wasteland Expansion.mod
Harmothoe	-	5000	5000	0	720	0	720	55929-Dialogue.mod
Empire Noble Guard /UCNAME/	Free Traders/Northern Nobles/Southern Nobles/Traders Guild/United Cities/Western Nobles	2500	4500	5000	21120	20400	720	51743-Dialogue.mod
Boss /GENNAME/	The Cold Bloods	2000	4000	0	26182	26032	150	5031433-Universal Wasteland Expansion.mod
Paladin Guardian /HNNAME/	-	2000	4000	4000	21821	21247	574	51412-rebirth.mod
Paladin /HNNAME/	The Holy Nation	2000	4000	4000	21503	20929	574	1408-gamedata.base
Raider Captain /GENNAME/	Crab Raiders	2000	4000	5000	21024	20375	649	5008403-HTDCrabRaiderPlus.mod
Major /GENNAME/	-	2000	4000	5000	21024	20375	649	5071556-Universal Wasteland Expansion.mod
Raider Elite /GENNAME/	Hook Raiders	2000	4000	4600	9978	9378	600	5054297-Universal Wasteland Expansion.mod
Bushi Sergeant /UCNAME/	The Dominion	4000	4000	5000	9520	8800	720	5035377-Universal Wasteland Expansion.mod
Bushi Sergeant /UCNAME/	The Dominion	4000	4000	10000	9520	8800	720	5062245-Universal Wasteland Expansion.mod
/SKNAME/	Shek Kingdom	1000	4000	5000	9486	9126	360	1533867-Shek Ranch.mod
Inquisitor Captain /HNNAME/	-	2000	4000	10000	9279	8820	459	5040025-Universal Wasteland Expansion.mod
Inquisitor Captain /HNNAME/	-	2000	4000	10000	9279	8820	459	5040026-Universal Wasteland Expansion.mod
Inquisitor Captain /HNNAME/	-	2000	4000	10000	9279	8820	459	5040027-Universal Wasteland Expansion.mod
Inquisitor Captain /HNNAME/	-	2000	4000	10000	9279	8820	459	5040028-Universal Wasteland Expansion.mod
Boss /GENNAME/	White Eyebrow Clan	2000	4000	4500	9078	8658	420	4999131-White Eyebrow Clan.mod
Captain /GENNAME/	White Eyebrow Clan	2000	4000	4500	9078	8658	420	5071605-Universal Wasteland Expansion.mod
Mercenary Captain /GENNAME/	Mercenary Guild	2000	4000	0	8900	8300	600	1289-gamedata.base
Mercenary Captain /GENNAME/	Mercenary Guild	2000	4000	0	8900	8300	600	5031783-Universal Wasteland Expansion.mod
Boss /GENNAME/	The Bastards	2000	4000	5000	7403	6707	696	1533854-Northern Bandits Expanded.mod
Boss /GENNAME/	The Bastards/The Deluged	2000	4000	5000	7403	6707	696	1533859-Northern Bandits Expanded.mod
Captain /GENNAME/	-	2000	4000	5000	7403	6707	696	5071601-Universal Wasteland Expansion.mod
Captain /GENNAME/	-	2000	4000	5000	7403	6707	696	5071602-Universal Wasteland Expansion.mod
Outlaw Elite /HNNAME/	Holy Nation Outlaws	2000	4000	5000	5603	5003	600	5054295-Universal Wasteland Expansion.mod
Police Sergeant /UCNAME/	Police	2000	4000	0	1496	800	696	1296-gamedata.base
Samurai Police /UCNAME/	Police/United Cities	2000	4000	4000	1000	400	600	469-gamedata.base
Manhunter Boss /UCNAME/	Manhunters	2000	4000	20000	592	400	192	54591-rebirth.mod
Disciple Elite /HNNAME/	Narko's Disciples	1500	3500	6600	17943	17247	696	5054299-Universal Wasteland Expansion.mod
/SKNAME/	Shek Kingdom	500	3500	4000	9476	9116	360	1533845-Shek Ranch.mod
Smuggler Blackmarketeer /GENNAME/	-	1000	3000	0	23118	22990	128	5060722-Universal Wasteland Expansion.mod
High Paladin /HNNAME/	The Holy Nation	1000	3000	20000	21354	20688	666	5033484-Universal Wasteland Expansion.mod
High Paladin /HNNAME/	The Holy Nation	1000	3000	20000	21354	20688	666	5033486-Universal Wasteland Expansion.mod
High Paladin /HNNAME/	The Holy Nation	1000	3000	20000	21354	20688	666	5033488-Universal Wasteland Expansion.mod
High Paladin /HNNAME/	The Holy Nation	1000	3000	20000	21354	20688	666	5033490-Universal Wasteland Expansion.mod
High Paladin /HNNAME/	The Holy Nation	1000	3000	20000	21354	20688	666	5033492-Universal Wasteland Expansion.mod
High Paladin /HNNAME/	The Holy Nation	1000	3000	20000	21354	20688	666	5033493-Universal Wasteland Expansion.mod
Mercenary /GENNAME/	Mercenary Guild	1000	3000	0	14980	14580	400	1227-gamedata.base
Mercenary /GENNAME/	Mercenary Guild	1000	3000	0	14950	14550	400	5031784-Universal Wasteland Expansion.mod
Smuggler Blackmarketeer /GENNAME/	-	1000	3000	0	10960	10600	360	4999410-Minor Factions Expansion.mod
Samurai Heavy /UCNAME/	Empire Peasants/Free Traders/Northern Nobles/Outlaw/Slave Traders/Southern Nobles/Traders Guild/United Cities/Western Nobles	1000	3000	4000	9623	8903	720	2160-gamedata.base
/UCNAME/	Slave Traders/Traders Guild	1000	3000	0	8790	8470	320	3386-gamedata.base
Boss /GENNAME/	Shinobi Thieves	1000	3000	0	8495	8135	360	51710-rebirth.mod
Samurai Scout /UCNAME/	Empire Peasants/Northern Nobles/Outlaw/Southern Nobles/United Cities/Western Nobles	1000	3000	4000	8480	7880	600	54291-rebirth.mod
Samurai /UCNAME/	Free Traders/Northern Nobles/Slave Traders/Southern Nobles/Traders Guild/United Cities/Western Nobles	1000	3000	4000	8471	7775	696	54290-rebirth.mod
Blackmarketeer /GENNAME/	-	1000	3000	0	5400	5000	400	5060711-Universal Wasteland Expansion.mod
Blackmarketeer /GENNAME/	-	1000	3000	0	5400	5000	400	5060714-Universal Wasteland Expansion.mod
Smuggler Blackmarketeer /GENNAME/	-	1000	3000	0	5400	5000	400	5060725-Universal Wasteland Expansion.mod
/GENNAME/	Shinobi Thieves	1000	3000	0	4985	4825	160	14492-rebirth.mod
/GENNAME/	-	1000	3000	0	4985	4825	160	5022171-Universal Wasteland Expansion.mod
/GENNAME/	Shinobi Thieves	1000	3000	0	4985	4825	160	5024994-Universal Wasteland Expansion.mod
Bushi Conscript	The Dominion	1000	3000	1000	4910	4310	600	5035369-Universal Wasteland Expansion.mod
Bushi Conscript	The Dominion	1000	3000	1000	4710	4110	600	5035368-Universal Wasteland Expansion.mod
Slaver Guard /GENNAME/	Mercenary Guild/Slave Traders	1000	3000	2000	3820	3500	320	5249-gamedata.base
Holy Sentinel /HNNAME/	The Holy Nation	1000	3000	4000	3706	3232	474	18880-rebirth.mod
Smuggler Blackmarketeer /GENNAME/	-	1000	3000	0	3700	3460	240	5060719-Universal Wasteland Expansion.mod
Blackmarketeer /GENNAME/	-	1000	3000	0	3540	3300	240	4999247-Minor Factions Expansion.mod
Holy Sentinel /HNNAME/	The Holy Nation	1000	3000	4000	3527	3053	474	2758986-HN Ascended.mod
HNO Farm Leader Dennis	Holy Nation Outlaws	0	3000	10000	1270	1150	120	2760729-HN Ascended.mod
HNO Farm Leader Percy	Holy Nation Outlaws	0	3000	10000	1270	1150	120	2760720-HN Ascended.mod
Holy Farm Leader Anders	-	0	3000	5000	1270	1150	120	2760604-HN Ascended.mod
Holy Farm Leader Darwin	-	0	3000	5000	1270	1150	120	2760601-HN Ascended.mod
Holy Farm Leader Edward	-	0	3000	5000	1270	1150	120	2760600-HN Ascended.mod
Holy Farm Leader Jonathon	-	0	3000	5000	1270	1150	120	2760603-HN Ascended.mod
Holy Farm Leader Kieran	-	0	3000	5000	1270	1150	120	2760599-HN Ascended.mod
Holy Farm Leader Vladimir	-	0	3000	5000	1270	1150	120	2760602-HN Ascended.mod
Skeleton Enforcer /GENNAME/	Skeletons	1000	3000	5000	1250	530	720	2758710-Minor Factions Expansion.mod
Skeleton Enforcer /GENNAME/	Skeletons	1000	3000	5000	1250	530	720	5053787-Universal Wasteland Expansion.mod
Skeleton Enforcer /GENNAME/	Skeletons	1000	3000	5000	1250	530	720	5053789-Universal Wasteland Expansion.mod
Holy Farm Leader /HNNAME/	-	0	3000	0	970	850	120	43934-rebirth.mod
Guard /UCNAME/	Traders Guild	1000	3000	0	640	400	240	56141-rebirth.mod
Manhunter	Manhunters	1000	3000	1100	528	400	128	54588-rebirth.mod
Hive Fence	-	1000	3000	0	280	0	280	43324-rebirth.mod
Hundred Guardian /SKNAME/	Shek Kingdom	800	2800	5000	1239	543	696	11623-Dialogue (10).mod
Hundred Guardian /SKNAME/	Shek Kingdom	800	2800	20000	1239	543	696	5033501-Universal Wasteland Expansion.mod
Hundred Guardian /SKNAME/	Shek Kingdom	800	2800	20000	1239	543	696	5033503-Universal Wasteland Expansion.mod
Hundred Guardian /SKNAME/	Shek Kingdom	800	2800	20000	1239	543	696	5033504-Universal Wasteland Expansion.mod
Hundred Guardian /SKNAME/	Shek Kingdom	800	2800	7500	1239	543	696	5062217-Universal Wasteland Expansion.mod
Hundred Guardian /SKNAME/	Shek Kingdom	800	2800	5000	1239	543	696	5071588-Universal Wasteland Expansion.mod
Boss /GENNAME/	Swamp Ruffians	1500	2500	3000	3581	3181	400	2757406-Swamp Bandits.mod
Captain /GENNAME/	-	1500	2500	3000	3581	3181	400	5071599-Universal Wasteland Expansion.mod
Bounty Hunter /GENNAME/	Bounty Hunters	200	2000	0	56810	56210	600	14506-gamedata.base
/SKNAME/	Bele'coz	200	2000	3000	46394	45930	464	2757486-Bele'coz.mod
Gate Guard /GENNAME/	-	200	2000	0	29086	28390	696	1534421-rebirth.mod
Julius the Fork-Tongued	-	0	2000	0	26782	26082	699	5033190-Universal Wasteland Expansion.mod
-start Argonains	-	0	2000	0	26375	26225	150	5031780-Universal Wasteland Expansion.mod
Guard /GENNAME/	Tech Hunter Rebuilders/Tech Hunters/Tech Traders	200	2000	2000	25040	24440	600	98560-rebirth.mod
Captain /GENNAME/	-	200	2000	2000	25040	24440	600	5071600-Universal Wasteland Expansion.mod
Gregory the Hoarder	-	200	2000	0	24720	24120	600	5010934-Universal Wasteland Expansion.mod
Frederick the Seeker	Tech Hunters	200	2000	0	24720	24120	600	5010942-Universal Wasteland Expansion.mod
Ignatius the Adapted	-	200	2000	0	24620	24020	600	5010920-Universal Wasteland Expansion.mod
Jason the Marshal	Highlanders	200	2000	50000	22640	21480	1160	2759570-Minor Factions Expansion.mod
Mitch the Constable	-	200	2000	20000	22175	21364	811	2759571-Minor Factions Expansion.mod
Dexter the Lawman	-	200	2000	20000	22161	21350	811	2759572-Minor Factions Expansion.mod
Shane the Deputy	Highlanders	200	2000	20000	22161	21350	811	2759573-Minor Factions Expansion.mod
James the Warden	-	200	2000	0	22161	21350	811	5010534-Universal Wasteland Expansion.mod
Shinobi Guard /GENNAME/	Mongrel/Shinobi Thieves/Tech Hunters	200	2000	0	21240	21000	240	42051-rebirth.mod
Shinobi Captain /GENNAME/	-	200	2000	0	21240	21000	240	5071580-Universal Wasteland Expansion.mod
Boss /GENNAME/	Dune Renegades	1000	2000	3500	20299	19899	400	5062227-Universal Wasteland Expansion.mod
Boss /GENNAME/	Dune Renegades/Outlaw	1000	2000	2300	19481	19081	400	2757443-Dune Rebels.mod
Captain /GENNAME/	-	1000	2000	2300	19481	19081	400	5071559-Universal Wasteland Expansion.mod
Order Wretch	The Order of Chitrin	200	2000	3500	19160	18680	480	5007606-Holy Order of Chitrin.mod
/HNNAME/	The Order of Chitrin	200	2000	3500	19160	18680	480	5031745-Universal Wasteland Expansion.mod
Automat	Skeletons	200	2000	4000	16545	15825	720	5010806-Universal Wasteland Expansion.mod
Jonin /GENNAME/	Anti-Slavers	200	2000	7000	12890	12290	600	62176-rebirth.mod
Jonin Captain /GENNAME/	-	200	2000	7000	12890	12290	600	5071545-Universal Wasteland Expansion.mod
Barman /GENNAME/	-	0	2000	0	12798	12750	48	50638-rebirth.mod
Barman /GENNAME/	Nomads/Swampers	0	2000	0	12798	12750	48	1531917-Swamps Expanded.mod
Caravan Guard /UCNAME/	Free Traders/The Holy Nation/Trade Ninjas/Traders Guild	200	2000	0	12765	12325	440	1164-gamedata.base
Caravan Guard /HNNAME/	The Holy Nation	200	2000	0	12765	12325	440	5066410-Universal Wasteland Expansion.mod
Jonin /GENNAME/	-	200	2000	7000	12390	11790	600	1535069-__November6.mod
Jonin /GENNAME/	Anti-Slavers	200	2000	7500	12390	11790	600	5062231-Universal Wasteland Expansion.mod
Abolitionist /GENNAME/	Anti-Slavers	200	2000	1200	11893	11893	0	5010803-Universal Wasteland Expansion.mod
Bounty Hunter /GENNAME/	Highlanders/Slaver Prison	200	2000	3300	11628	10932	696	1531902-Highlanders.mod
Bounty Hunter Captain /GENNAME/	Highlanders/Slaver Prison	200	2000	4000	11623	10927	696	2757400-Highlanders.mod
Major /GENNAME/	-	200	2000	4000	11623	10927	696	5071568-Universal Wasteland Expansion.mod
Major /GENNAME/	-	200	2000	4000	11623	10927	696	5071569-Universal Wasteland Expansion.mod
Major /GENNAME/	-	200	2000	4000	11623	10927	696	5071570-Universal Wasteland Expansion.mod
Major /GENNAME/	-	200	2000	4000	11623	10927	696	5071571-Universal Wasteland Expansion.mod
Bounty Captain /GENNAME/	Highlanders	200	2000	4000	11388	10692	696	2758281-Minor Factions Expansion.mod
/SKNAME/	Highlanders/Slaver Prison	200	2000	3300	11222	10822	400	1531904-Highlanders.mod
/HNNAME/	Highlanders	200	2000	2500	11152	10672	480	1531903-Highlanders.mod
Highland Ranged Bounty Hunter	Highlanders	200	2000	3000	11125	10725	400	1531907-Highlanders.mod
Highland Ranged Bounty Hunter Shek	Highlanders	200	2000	3000	11025	10625	400	2757399-Highlanders.mod
Butcher /SKNAME/	-	200	2000	0	10026	9546	480	1533587-Shek Ranch.mod
Boss /GENNAME/	Hook Raiders	1000	2000	3500	9897	9497	400	5062229-Universal Wasteland Expansion.mod
/SKNAME/	-	200	2000	0	9856	9160	696	1533583-Shek Ranch.mod
Boss /GENNAME/	Hook Raiders/Outlaw	1000	2000	2300	9853	9453	400	2757453-Hook Rebels.mod
Captain /GENNAME/	-	1000	2000	2300	9853	9453	400	5071575-Universal Wasteland Expansion.mod
/SKNAME/	-	200	2000	0	9706	9010	696	1533584-Shek Ranch.mod
Drifter	Drifters/Frontier Tamers/Holy Nation Outlaws/Mercenary Guild/Mongrel/Tech Hunters/United Cities	200	2000	0	9616	8920	696	2205-gamedata.base
Tech Hunter Rebuilder	-	200	2000	0	9556	8860	696	5030170-Universal Wasteland Expansion.mod
/GENNAME/	Machinists/Tech Hunters	200	2000	2000	9295	8745	550	50387-rebirth.mod
Trader /GENNAME/	Tech Traders	200	2000	0	9156	8460	696	50388-rebirth.mod
Lagoon Patron	Tech Hunters	200	2000	2000	9136	8440	696	95714-__Mourn.mod
Tech Supremist /GENNAME/	Tech Hunters	200	2000	2000	9130	8730	400	5010972-Universal Wasteland Expansion.mod
-start Tech Hunter	-	200	2000	0	9034	8860	174	5030169-Universal Wasteland Expansion.mod
/HNNAME/	Flotsam Ninjas	200	2000	3300	8690	8450	240	5010801-Universal Wasteland Expansion.mod
Skeleton Drifter	Mercenary Guild/Skeleton Legion/Skeletons	200	2000	6000	7570	6850	720	42063-rebirth.mod
Skeleton_MkII	Skeleton Legion/Skeletons	200	2000	6000	7470	6750	720	65265-Newwworld.mod
Skeleton_MkII Log Head	Skeleton Legion	200	2000	6000	7470	6750	720	66528-Newwworld.mod
Trader /UCNAME/	Tech Traders	200	2000	0	7156	6460	696	56186-rebirth.mod
Skeleton Variant01	Old Machines	200	2000	6000	6970	6250	720	57776-Newwworld.mod
Skeleton Variant02	Old Machines	200	2000	6000	6970	6250	720	57781-Newwworld.mod
Skeleton Variant03	Old Machines	200	2000	6000	6970	6250	720	57784-Newwworld.mod
Skeleton MkII Screamer	Skeleton Legion/The Reawakened	200	2000	6000	6970	6250	720	1533507-Newwworld.mod
Skeleton_P4MkII	Skeletons	200	2000	6000	6970	6250	720	5022338-Universal Wasteland Expansion.mod
Adventurer	-	200	2000	0	6860	6460	400	2917-gamedata.base
Banker /UCNAME/	Traders Guild	0	2000	0	6470	6050	420	5045873-Universal Wasteland Expansion.mod
Tech Hunter Salesman	Tech Hunters	200	2000	0	5300	4900	400	5030307-Universal Wasteland Expansion.mod
/HNNAME/	Drifters/Flotsam Ninjas	0	2000	3300	5090	4850	240	18896-rebirth.mod
/HNNAME/	Flotsam Ninjas	200	2000	3300	5090	4850	240	5060343-Universal Wasteland Expansion.mod
trader guild noble boss	-	0	2000	0	3920	3500	420	54307-rebirth.mod
Black Dog	-	200	2000	15000	3850	3550	300	5010918-Universal Wasteland Expansion.mod
Anti-Slaver unarmed	Anti-Slavers	200	2000	5000	3720	3720	0	62177-rebirth.mod
Anti-Slaver unarmed HQ	-	200	2000	5000	3600	3600	0	1535070-__November6.mod
HNO Bounty Captain	-	200	2000	0	3550	3400	150	2758699-Minor Factions Expansion.mod
-start Anti-Slavers	-	200	2000	1200	3503	3503	0	5030159-Universal Wasteland Expansion.mod
Shek Homesteader Languin	-	200	2000	0	3430	2950	480	2760603-Shek Kingdom Expansion.mod
Anti-Slaver Crossbowman	Anti-Slavers	200	2000	2500	3303	3303	0	2759529-Minor Factions Expansion.mod
Shek Homesteader Marack	-	200	2000	0	2730	2250	480	2760605-Shek Kingdom Expansion.mod
Lord Mirage	United Heroes League	0	2000	0	1670	950	720	97852-__March 18.mod
Animal Trader /GENNAME/	Midland Hive	0	2000	0	1650	1250	400	2757538-Midland Hivers.mod
Terron the Steel-bender	-	200	2000	10000	1300	200	1100	2757543-Skeletons Expanded.mod
Fuji the Ancient	-	200	2000	50000	1200	0	1200	2758879-Minor Factions Expansion.mod
Shek Scout /SKNAME/	Shek Kingdom	200	2000	4000	1061	365	696	16370-Dialogue.mod
Short-circuit	Drifters	200	2000	0	1000	1000	0	2758433-Lonely Recruits.mod
Goshi /UCNAME/	The Dominion	500	2000	0	1000	600	400	5035509-Universal Wasteland Expansion.mod
Broken Skeleton	Ancient Ruins/Old Machines	200	2000	0	660	0	660	42090-rebirth.mod
Broken Model 30	-	200	2000	0	660	0	660	55646-rebirth.mod
Broken Model 15	-	200	2000	0	660	0	660	5053790-Universal Wasteland Expansion.mod
Trader /GENNAME/	Western Hive	0	2000	0	480	400	80	43322-rebirth.mod
Trader Robotics /GENNAME/	-	0	2000	0	480	400	80	96265-__Southern hive.mod
Barman /GENNAME/	-	0	2000	0	480	400	80	1531901-Hiver Bars.mod
Barman /GENNAME/	-	0	2000	0	480	400	80	2757535-Midland Hivers.mod
Trader /GENNAME/	Midland Hive	0	2000	0	480	400	80	2757531-Midland Hivers.mod
Trader Robotics /GENNAME/	-	0	2000	0	480	400	80	2757533-Midland Hivers.mod
Barman /GENNAME/	-	0	2000	0	480	400	80	2757367-Northern Hivers.mod
Trader /GENNAME/	Northern Hive	0	2000	0	480	400	80	1531917-Northern Hivers.mod
Trader Robotics /GENNAME/	-	0	2000	0	480	400	80	1531918-Northern Hivers.mod
Barman /GENNAME/	-	0	2000	0	480	400	80	5022219-Universal Wasteland Expansion.mod
Trader Robotics /GENNAME/	-	0	2000	0	480	400	80	5022285-Universal Wasteland Expansion.mod
Barman /GENNAME/	-	0	2000	0	480	400	80	5037075-Universal Wasteland Expansion.mod
Trader /GENNAME/	Mechanical Hive	0	2000	0	480	400	80	5062497-Universal Wasteland Expansion.mod
Caravan Drone /GENNAME/	Western Hive	200	2000	0	460	100	360	62818-rebirth.mod
Caravan Drone /GENNAME/	Mechanical Hive	200	2000	0	460	100	360	5022318-Universal Wasteland Expansion.mod
Soldierbot	Skeleton Legion	200	2000	0	360	0	360	62803-rebirth.mod
Prince /GENNAME/	-	600	1800	0	6850	6850	0	5067902-Universal Wasteland Expansion.mod
Prince /GENNAME/	-	600	1800	0	5196	4500	696	5022276-Universal Wasteland Expansion.mod
Prince /GENNAME/	-	600	1800	0	5150	5150	0	5067903-Universal Wasteland Expansion.mod
Prince /GENNAME/	-	600	1800	0	5114	4650	464	2757526-Midland Hivers.mod
Prince /GENNAME/	-	600	1800	0	5064	4600	464	42200-rebirth.mod
Heavy Brute /SKNAME/	Bele'coz	500	1500	3000	46542	46078	464	2758719-Minor Factions Expansion.mod
Turcopole	The Order of Chitrin	500	1500	3000	17927	17463	464	5007604-Holy Order of Chitrin.mod
Lieutenant /HNNAME/	Narko's Disciples	150	1500	2500	12283	11587	696	2757537-Narko's Disciples.mod
Captain /HNNAME/	Narko's Disciples	150	1500	3500	12283	11587	696	5062221-Universal Wasteland Expansion.mod
Ranger /GENNAME/	Northern Hive	500	1500	0	8274	7578	696	2758235-Hiver Expansion.mod
Ranger /GENNAME/	Northern Hive	500	1500	0	8128	7578	550	5023173-Universal Wasteland Expansion.mod
Ranger /GENNAME/	Western Hive	500	1500	0	7966	7270	696	2758192-Hiver Expansion.mod
Ranger /GENNAME/	Midland Hive	500	1500	0	7924	7228	696	2758228-Hiver Expansion.mod
Ranger /GENNAME/	Mechanical Hive	500	1500	0	7905	7209	696	5022293-Universal Wasteland Expansion.mod
Ranger /GENNAME/	Mechanical Hive	500	1500	0	7679	7229	450	5023182-Universal Wasteland Expansion.mod
Ranger /GENNAME/	Midland Hive	500	1500	0	7678	7228	450	5023163-Universal Wasteland Expansion.mod
Ranger /GENNAME/	Western Hive	500	1500	0	7653	7203	450	5023140-Universal Wasteland Expansion.mod
Jonin /HNNAME/	Flotsam Ninjas	150	1500	4000	6360	6120	240	49768-rebirth.mod
Jonin /HNNAME/	Flotsam Ninjas	150	1500	3500	6360	6120	240	5062238-Universal Wasteland Expansion.mod
Jonin Captain /HNNAME/	Flotsam Ninjas	150	1500	4000	6360	6120	240	5071561-Universal Wasteland Expansion.mod
UC Bar patron	Drifters/United Cities	500	1500	0	2300	2300	0	55919-Dialogue.mod
Gokenin /UCNAME/	The Dominion	200	1500	0	1000	600	400	5035508-Universal Wasteland Expansion.mod
Shek Warrior /SKNAME/	Drifters/Shek Kingdom	150	1500	3000	958	262	696	14862-Dialogue.mod
Shek Warrior Last stand bar 1	Shek Kingdom	500	1500	3000	937	241	696	51620-Dialogue.mod
Shek Warrior Last stand bar 2	Shek Kingdom	500	1500	3000	937	241	696	51621-Dialogue.mod
Shek Warrior Last stand bar 3	Shek Kingdom	500	1500	3000	937	241	696	51625-Dialogue.mod
Order Whelp	The Order of Chitrin	250	1250	1500	18802	18322	480	5007607-Holy Order of Chitrin.mod
Hive Captain /GENNAME/	Northern Hive	500	1250	0	15792	15096	696	2758237-Hiver Expansion.mod
Hive Captain /GENNAME/	Northern Hive	500	1250	0	15646	15096	550	5023170-Universal Wasteland Expansion.mod
Captain /SKNAME/	Bele'coz	225	1250	3500	13123	12659	464	5062225-Universal Wasteland Expansion.mod
Lieutenant /SKNAME/	Bele'coz	225	1250	3500	13121	12657	464	2757526-Bele'coz.mod
Hive Captain /GENNAME/	Midland Hive	500	1250	0	7812	7116	696	2758233-Hiver Expansion.mod
Hive Captain /GENNAME/	Western Hive	500	1250	0	7792	7096	696	2758191-Hiver Expansion.mod
Hive Captain /GENNAME/	Mechanical Hive	500	1250	0	7772	7076	696	5022279-Universal Wasteland Expansion.mod
Hive Captain /GENNAME/	Midland Hive	500	1250	0	7566	7116	450	5023161-Universal Wasteland Expansion.mod
Hive Captain /GENNAME/	Western Hive	500	1250	0	7546	7096	450	5023138-Universal Wasteland Expansion.mod
Hive Captain /GENNAME/	Mechanical Hive	500	1250	0	7526	7076	450	5023179-Universal Wasteland Expansion.mod
Lieutenant /HNNAME/	Inhuman Hunters/The Order of Chitrin	200	1200	3000	22209	21929	280	2757532-Shek Hunters.mod
Brute Captain /SKNAME/	Bele'coz	200	1200	3500	13090	12626	464	2758720-Minor Factions Expansion.mod
Prince /GENNAME/	Midland Hive	200	1200	0	5912	5216	696	2757539-Midland Hivers.mod
Prince /GENNAME/	Western Hive	200	1200	0	5762	5066	696	2757362-Hiver Bars.mod
Prince /GENNAME/	Northern Hive	200	1200	0	5762	5066	696	2757377-Northern Hivers.mod
Prince /GENNAME/	Mechanical Hive	200	1200	0	5762	5066	696	5022295-Universal Wasteland Expansion.mod
Prince /GENNAME/	Midland Hive	200	1200	0	5666	5216	450	5023162-Universal Wasteland Expansion.mod
Prince /GENNAME/	-	200	1200	0	5616	5066	550	5023172-Universal Wasteland Expansion.mod
Prince /GENNAME/	Western Hive	200	1200	0	5516	5066	450	5023139-Universal Wasteland Expansion.mod
Prince /GENNAME/	Mechanical Hive	200	1200	0	5516	5066	450	5023181-Universal Wasteland Expansion.mod
Prince /GENNAME/	Southern Hive	200	1200	0	5164	4700	464	62191-rebirth.mod
Prince /GENNAME/	Northern Hive	200	1200	0	5064	4600	464	1531911-Northern Hivers.mod
Prince /GENNAME/	Southern Hive	200	1200	0	4950	4700	250	5025045-Universal Wasteland Expansion.mod
Samurai Conscript	Empire Peasants/Northern Nobles/Outlaw/Southern Nobles/United Cities/Western Nobles	200	1200	1000	4295	3895	400	54292-rebirth.mod
Samurai Conscript	Northern Nobles/Southern Nobles/United Cities/Western Nobles	200	1200	1000	4170	3770	400	1533858-Crossbow for everyone.mod
Captain /GENNAME/	Deadcat	200	1200	0	3950	3650	300	5062233-Universal Wasteland Expansion.mod
Major /GENNAME/	-	200	1200	0	3950	3650	300	5071557-Universal Wasteland Expansion.mod
Soldier /GENNAME/	Deadcat	200	1200	0	3920	3620	300	2758810-Minor Factions Expansion.mod
Mongrel Bar Patron	-	100	1000	1000	33240	32640	600	64944-october 17.mod
/GENNAME/	-	100	1000	0	23118	22990	128	5066095-Universal Wasteland Expansion.mod
Stone Rat Captain	-	100	1000	0	23118	22990	128	5071593-Universal Wasteland Expansion.mod
/HNNAME/	Inhuman Hunters/The Order of Chitrin	100	1000	2000	21031	20751	280	2757498-Shek Hunters.mod
Stone Rat	Stone Rats	100	1000	0	15118	14990	128	48710-Dialogue.mod
/SKNAME/	Bele'coz	100	1000	2000	12928	12464	464	2757487-Bele'coz.mod
Brute /SKNAME/	Bele'coz	100	1000	2000	12904	12440	464	2758718-Minor Factions Expansion.mod
/SKNAME/	Bele'coz	100	1000	2000	11056	10882	174	2758761-Minor Factions Expansion.mod
/GENNAME/	-	100	1000	0	10860	10500	360	5066097-Universal Wasteland Expansion.mod
Twinblade Skeleton	Twinblades	100	1000	0	10840	10480	360	5061112-Universal Wasteland Expansion.mod
Twinblade Captain	-	100	1000	0	10830	10470	360	5071603-Universal Wasteland Expansion.mod
/HNNAME/	Narko's Disciples	100	1000	1500	9797	9333	464	2757340-Narko's Disciples.mod
Jonin /GENNAME/	Swamp Ninjas	100	1000	4000	9550	8950	600	51645-rebirth.mod
Thug /GENNAME/	White Eyebrow Clan	100	1000	3000	9070	8650	420	4999130-White Eyebrow Clan.mod
Twinblade	Twinblades	100	1000	0	8830	8470	360	48715-Dialogue.mod
Swamper Non-Gang weaker	Swampers/Vagrants	100	1000	1000	8340	8310	30	50967-rebirth.mod
Jonin /GENNAME/	Black Dragon Ninjas	100	1000	3500	7355	7115	240	1667-gamedata.base
Jonin Captain /GENNAME/	-	100	1000	3500	7355	7115	240	5071549-Universal Wasteland Expansion.mod
Boss /GENNAME/	Desolate Plunderers	350	1000	4500	7316	6620	696	2758398-Bandits Expansion.mod
Captain /GENNAME/	-	350	1000	4500	7316	6620	696	5071558-Universal Wasteland Expansion.mod
Hook Bar patron	Drifters	100	1000	0	6890	6890	0	98229-__March 18.mod
Swamper Non-Gang	Grayflayers/Swampers	100	1000	0	6465	6115	350	49311-Dialogue.mod
Soldier Drone	Western Hive	400	1000	0	6444	5980	464	42196-rebirth.mod
Soldier Drone	Northern Hive	400	1000	0	6430	5880	550	5023175-Universal Wasteland Expansion.mod
Soldier Drone	Western Hive	400	1000	0	6375	5880	495	5023146-Universal Wasteland Expansion.mod
Soldier Drone	Mechanical Hive	400	1000	0	6375	5880	495	5023184-Universal Wasteland Expansion.mod
Soldier Drone	Midland Hive	400	1000	0	6345	5850	495	5023165-Universal Wasteland Expansion.mod
Soldier Drone	Northern Hive	400	1000	0	6344	5880	464	1531912-Northern Hivers.mod
Soldier Drone	Mechanical Hive	400	1000	0	6344	5880	464	5022220-Universal Wasteland Expansion.mod
Soldier Drone	Midland Hive	400	1000	0	6314	5850	464	2757528-Midland Hivers.mod
/GENNAME/	-	100	1000	0	5400	5000	400	5066091-Universal Wasteland Expansion.mod
Grayflayer Captain	-	100	1000	0	5400	5000	400	5071564-Universal Wasteland Expansion.mod
Grayflayer	Grayflayers	100	1000	0	5350	4950	400	48709-Dialogue.mod
Deadcat Fisherman	Deadcat	100	1000	0	4020	3720	300	50346-rebirth.mod
/GENNAME/	-	100	1000	0	4020	3720	300	5066087-Universal Wasteland Expansion.mod
Shek Retainer	Shek Kingdom	0	1000	750	3950	3550	400	43074-Dialogue.mod
Deadcat Farmer	-	100	1000	0	3920	3620	300	2760671-HN Ascended.mod
/GENNAME/	-	100	1000	0	3800	3560	240	5066093-Universal Wasteland Expansion.mod
Hound Captain	-	100	1000	0	3800	3560	240	5071576-Universal Wasteland Expansion.mod
Hound Captain	-	100	1000	0	3800	3560	240	5071577-Universal Wasteland Expansion.mod
Anti-Slaver	Anti-Slavers	100	1000	2500	3503	3503	0	62180-rebirth.mod
Hound Skeleton	Hounds	100	1000	0	2940	2700	240	48797-Dialogue.mod
Hound	Hounds	100	1000	0	1800	1560	240	48669-Dialogue.mod
/HNNAME/	Holy Nation Outlaws/The Holy Nation	100	1000	0	1700	1300	400	40558-rebirth.mod
Blackshifter	Blackshifters	100	1000	0	1450	1100	350	48711-Dialogue.mod
Blackshifter Skeleton	Blackshifters	100	1000	0	1450	1100	350	5061111-Universal Wasteland Expansion.mod
/GENNAME/	-	100	1000	0	1450	1100	350	5066089-Universal Wasteland Expansion.mod
Blackshifter Captain	-	100	1000	0	1450	1100	350	5071550-Universal Wasteland Expansion.mod
/HNNAME/	Narko's Disciples/Skeletons	100	1000	2500	1175	455	720	2757356-Narko's Disciples.mod
Scorched One (Armoured)	The Scorched Ones	100	1000	4000	1103	383	720	2759208-Bandits Expansion.mod
Scorched Ones Captain	-	100	1000	4000	1103	383	720	5071587-Universal Wasteland Expansion.mod
Skeleton Grayflayer	Grayflayers	100	1000	0	950	550	400	48720-Dialogue.mod
Shek Fighter	Shek Kingdom	100	1000	2000	927	327	600	51335-rebirth.mod
Shek Fighter	Shek Kingdom	100	1000	2000	927	327	600	5042216-Universal Wasteland Expansion.mod
Bar Fisherman	-	100	1000	0	900	300	600	50466-Dialogue.mod
Rebel Fighter	Rebel Swordsmen	100	1000	3000	880	600	280	1532903-__world reactions NE.mod
Scorched One	The Scorched Ones	100	1000	4000	863	143	720	2759177-Bandits Expansion.mod
Mariah	The Holy Nation	100	1000	0	746	746	0	5017031-Universal Wasteland Expansion.mod
Skeleton Civilian	Skeletons	100	1000	2500	720	0	720	49313-Dialogue.mod
Skeleton Resident	Skeleton Traders/Skeletons	100	1000	5000	720	0	720	55548-Dialogue.mod
Rebel Swordsman	Rebel Swordsmen	100	1000	800	720	520	200	1532902-__world reactions NE.mod
Bar Thug	Bar Thugs	100	1000	0	600	0	600	45492-Dialogue.mod
Bar Thug	Bar Thugs	100	1000	0	600	0	600	45487-Dialogue.mod
/HNNAME/	The Holy Nation	0	1000	0	400	0	400	43349-Dialogue.mod
Swamper Bar Thug	-	100	1000	0	384	84	300	49275-Dialogue.mod
Twitchy Bar Thug	Bar Thugs	0	1000	0	300	0	300	45489-Dialogue.mod
Town thug	-	0	1000	0	300	0	300	13748-Escapes.mod
Ugly Bar Thug	Bar Thugs	100	1000	0	0	0	0	45488-Dialogue.mod
Drunken Bar Thug	Bar Thugs	100	1000	0	0	0	0	45490-Dialogue.mod
Bar fly	Empire Peasants	0	1000	0	0	0	0	51798-Dialogue.mod
City Hero /HNNAME/	United Heroes League	200	800	0	962	950	12	42266-gamedata.base
Cold Blood	The Cold Bloods	250	750	0	26105	25955	150	5031432-Universal Wasteland Expansion.mod
Sentry Boss /GENNAME/	Hook Raiders	75	750	2300	15308	14908	400	2758789-Minor Factions Expansion.mod
DR Outlaw Swordsman	Dune Renegades/Hook Raiders	75	750	1300	10549	10399	150	2757439-Dune Rebels.mod
HR Outlaw Swordsman	Hook Raiders	75	750	1300	9520	9370	150	2757461-Hook Rebels.mod
Hive Lieutenant /GENNAME/	Northern Hive	250	750	0	9471	8921	550	5023168-Universal Wasteland Expansion.mod
Hive Lieutenant /GENNAME/	Northern Hive	250	750	0	9217	8521	696	2758236-Hiver Expansion.mod
Hive Lieutenant /GENNAME/	Midland Hive	250	750	0	9216	8520	696	2758229-Hiver Expansion.mod
Hive Lieutenant /GENNAME/	-	250	750	0	9162	8466	696	2758190-Hiver Expansion.mod
Hive Lieutenant /GENNAME/	Mechanical Hive	250	750	0	9122	8426	696	5022275-Universal Wasteland Expansion.mod
Hive Lieutenant /GENNAME/	Midland Hive	250	750	0	8970	8520	450	5023159-Universal Wasteland Expansion.mod
Grunt /GENNAME/	White Eyebrow Clan	75	750	2000	8935	8655	280	18012-rebirth.mod
Hive Lieutenant /GENNAME/	-	250	750	0	8916	8466	450	5023136-Universal Wasteland Expansion.mod
Hive Lieutenant /GENNAME/	Mechanical Hive	250	750	0	8876	8426	450	5023177-Universal Wasteland Expansion.mod
HR Outlaw	Hook Raiders	75	750	500	8059	7659	400	2757459-Hook Rebels.mod
DR Escaped Slave	Dune Renegades	75	750	1100	7599	7199	400	2757436-Dune Rebels.mod
HR Escaped Slave	Hook Raiders	75	750	1100	6422	5982	440	2757457-Hook Rebels.mod
DR Outlaw	Dune Renegades/Hook Raiders	75	750	1000	6020	5619	400	2757441-Dune Rebels.mod
Swamp Ninja Genin	Swamp Ninjas	75	750	0	5160	5000	160	51635-rebirth.mod
Boss /GENNAME/	Hill Marauders	250	750	2750	3511	3071	440	2757332-Hill Bandits.mod
Captain /GENNAME/	-	250	750	2750	3511	3071	440	5071572-Universal Wasteland Expansion.mod
Shek Dueler	Shek Kingdom	75	750	500	990	490	500	11675-Dialogue (10).mod
Worker Drone	Midland Hive	250	750	0	589	125	464	2757527-Midland Hivers.mod
Worker Drone	Western Hive	250	750	0	515	51	464	42194-rebirth.mod
Worker Drone	Mechanical Hive	250	750	0	515	51	464	5022273-Universal Wasteland Expansion.mod
Animal Trader /GENNAME/	Western Hive	0	700	0	1650	1250	400	2757316-Hive Animal Traders.mod
Animal Trader /GENNAME/	-	0	700	0	1650	1250	400	5022283-Universal Wasteland Expansion.mod
Hive Sharpshooter	Western Hive	200	600	0	7080	6480	600	2757363-Hiver Bars.mod
Hive Sharpshooter	Northern Hive	200	600	0	7080	6480	600	2757378-Northern Hivers.mod
Hive Sharpshooter	Mechanical Hive	200	600	0	7080	6480	600	5022297-Universal Wasteland Expansion.mod
Hive Sharpshooter	Midland Hive	200	600	0	6980	6380	600	2757541-Midland Hivers.mod
Caravan Guard /GENNAME/	Dune Renegades	100	500	2000	26600	26200	400	2757643-Dune Rebels.mod
Cold Blood Bowman	The Cold Bloods	100	500	0	26143	25993	150	5031434-Universal Wasteland Expansion.mod
Caravan Guard /GENNAME/	Hook Raiders	100	500	2000	23965	23565	400	2757638-Hook Rebels.mod
Caravan Guard /HNNAME/	Holy Nation Outlaws	100	500	0	17155	16715	440	2757647-The Hub Re-Established.mod
Outlaw Watchmen /GENNAME/	Dune Renegades	0	500	1000	13116	12966	150	2758777-Minor Factions Expansion.mod
Caravan Guard /GENNAME/	Skeletons	100	500	5000	13025	12585	440	2757650-Skeletons Expanded.mod
/HNNAME/	Holy Nation Outlaws	0	500	1000	12927	12577	350	2757404-The Hub Re-Established.mod
Hill Marauder King	Hill Marauders	0	500	50000	10200	9100	1100	2757331-Hill Bandits.mod
Outlaw Sentry /GENNAME/	Hook Raiders	0	500	1300	9635	9485	150	2758787-Minor Factions Expansion.mod
Smuggler	Grayflayers	0	500	2000	9590	9350	240	56174-rebirth.mod
/HNNAME/	Holy Nation Outlaws	0	500	1000	8837	8732	105	2757403-The Hub Re-Established.mod
Outlaw Sentry /GENNAME/	Hook Raiders	0	500	1000	7731	7331	400	2758788-Minor Factions Expansion.mod
/UCNAME/	United Cities	100	500	0	7290	6890	400	54021-rebirth.mod
Roamer /GENNAME/	Northern Hive	50	500	0	6810	6260	550	5023174-Universal Wasteland Expansion.mod
Roamer /GENNAME/+	Midland Hive	50	500	0	6760	6760	0	5067904-Universal Wasteland Expansion.mod
Roamer /GENNAME/	Western Hive	50	500	0	6755	6260	495	5023142-Universal Wasteland Expansion.mod
Roamer /GENNAME/	Midland Hive	50	500	0	6755	6260	495	5023167-Universal Wasteland Expansion.mod
Roamer /GENNAME/	Mechanical Hive	50	500	0	6755	6260	495	5023183-Universal Wasteland Expansion.mod
Roamer /GENNAME/	Midland Hive	50	500	0	6724	6260	464	2757540-Midland Hivers.mod
Roamer /GENNAME/	Northern Hive	50	500	0	6724	6260	464	2757379-Northern Hivers.mod
Roamer /GENNAME/	Western Hive	50	500	0	6724	6260	464	2757364-Hiver Bars.mod
Roamer /GENNAME/	Mechanical Hive	50	500	0	6724	6260	464	5022296-Universal Wasteland Expansion.mod
/HNNAME/	Holy Nation Outlaws	100	500	1000	6282	6122	160	2757405-The Hub Re-Established.mod
Fish and Drugs Seller	Swampers	0	500	0	5550	5350	200	51764-rebirth.mod
HR Outlaw Farmer	Hook Raiders	50	500	400	5307	4987	320	2757460-Hook Rebels.mod
Swamp Ruffian	Swamp Ruffians	50	500	1750	5258	5108	150	2757408-Swamp Bandits.mod
Outlaw Watchmen /GENNAME/	Dune Renegades	0	500	1000	5153	4753	400	2758775-Minor Factions Expansion.mod
Chunin /GENNAME/	Swamp Ninjas	100	500	0	5110	4950	160	51644-rebirth.mod
Chunin Captain /GENNAME/	Swamp Ninjas	100	500	0	5110	4950	160	5071598-Universal Wasteland Expansion.mod
Swamp Ninja Bowman	Swamp Ninjas	50	500	0	4890	4730	160	2757481-Swamps Expanded.mod
Swordsman Captain /GENNAME/	Outlaw/Rebel Farmers	100	500	3000	4860	4420	440	62849-rebirth.mod
Order Pastor /HNNAME/	-	0	500	0	4630	4550	80	5031164-Universal Wasteland Expansion.mod
HR Empire Peasant	Hook Raiders	50	500	500	4402	3962	440	2757458-Hook Rebels.mod
Swamp Ruffian Bowman	Swamp Ruffians	50	500	1750	4340	4190	150	2757407-Swamp Bandits.mod
DR Empire Peasant	Dune Renegades	50	500	500	4281	3881	400	2757437-Dune Rebels.mod
Sentry /GENNAME/	Deadcat/Hook Raiders	50	500	0	3920	3620	300	2758803-Minor Factions Expansion.mod
Crab Raider Civilian	Crab Raiders	100	500	0	3580	3300	280	62832-rebirth.mod
Desolate Plunderer King	Desolate Plunderers	0	500	70000	3484	2324	1160	2758399-Bandits Expansion.mod
Kensei	Traders Guild	0	500	0	3150	2550	600	5035846-Universal Wasteland Expansion.mod
DR Outlaw Farmer	Dune Renegades	50	500	400	3105	2785	320	2757442-Dune Rebels.mod
Apothecary /SKNAME/	-	100	500	0	3030	2950	80	2759462-Shek Kingdom Expansion.mod
Deadcat Vendor	-	0	500	0	2790	2550	240	50341-rebirth.mod
Dominion Vendor	Tech Traders	0	500	0	2790	2550	240	5035408-Universal Wasteland Expansion.mod
Shinobi Citizen	Empire Peasants/Flotsam Ninjas/Holy Nation Outlaws/Shinobi Thieves	100	500	0	2060	1900	160	42059-rebirth.mod
/HNNAME/	Flotsam Ninjas/Holy Nation Outlaws	0	500	500	1800	1800	0	49578-arg.mod
Band of Bones	Band of Bones	0	500	1700	1350	1050	300	56594-Dialogue.mod
Boss /SKNAME/	Band of Bones	0	500	3000	1305	1050	255	5071201-Universal Wasteland Expansion.mod
Bone Captain /SKNAME/	Band of Bones	0	500	3000	1305	1050	255	5071546-Universal Wasteland Expansion.mod
Sand Ninja	Drifters/Sand Ninjas	50	500	2500	1120	400	720	511-gamedata.base
Shek Farmer /SKNAME/	Shek Kingdom	50	500	0	1040	640	400	2760741-HN Ascended.mod
/UCNAME/	Empire Peasants/United Cities	100	500	0	1000	600	400	465-gamedata.base
United Hero /HNNAME/	United Heroes League	50	500	0	982	950	32	97945-__March 18.mod
Caravan Drone /GENNAME/	Midland Hive	100	500	0	460	100	360	2757546-Midland Hivers.mod
Caravan Drone /GENNAME/	Northern Hive	100	500	0	460	100	360	2757636-Northern Hivers.mod
Boss /GENNAME/	Dust Bandits/Hill Marauders	0	500	2500	410	250	160	1301-gamedata.base
Captain /GENNAME/	-	0	500	2500	410	250	160	5071560-Universal Wasteland Expansion.mod
Hive Barfly	Midland Hive	100	500	0	380	300	80	2757552-Midland Hivers.mod
Hive Barfly	Western Hive	100	500	0	80	0	80	1531905-Hiver Bars.mod
Hive Barfly	Northern Hive	100	500	0	80	0	80	2757369-Northern Hivers.mod
Hive Barfly	Mechanical Hive	100	500	0	80	0	80	5022301-Universal Wasteland Expansion.mod
Hive Barfly	Southern Hive	100	500	0	80	0	80	5037171-Universal Wasteland Expansion.mod
Genin /GENNAME/	Black Dragon Ninjas	0	350	1500	3757	3597	160	1362-gamedata.base
Red Sabre	Red Sabres	0	350	0	1939	1539	400	51648-rebirth.mod
Red Sabre Captain	Red Sabres	0	350	0	1939	1539	400	5071585-Universal Wasteland Expansion.mod
Hero Boss /HNNAME/	United Heroes League	50	350	0	1430	950	480	64876-rebirth.mod
Hero Captain /HNNAME/	-	50	350	0	1430	950	480	5071604-Universal Wasteland Expansion.mod
Outlaw Heavy	Outlaw/Rebel Farmers	100	350	3000	840	600	240	64754-rebirth.mod
Blood Raider	Bloodraiders	0	350	1300	455	350	105	16863-gamedata.base
Skeleton Outlaw	Skeletons	0	350	1500	0	0	0	48708-Dialogue.mod
Holy Chosen	The Holy Nation	0	333	750	2517	2043	474	2758977-HN Ascended.mod
Holy Chosen	The Holy Nation	0	333	750	2097	1717	379	2758967-HN Ascended.mod
Hill Marauder	Hill Marauders	0	300	1500	5205	5073	132	2757333-Hill Bandits.mod
Hill Marauder Bowman	Hill Marauders	0	300	1500	4681	4576	105	2757335-Hill Bandits.mod
Farmer /GENNAME/	Preacher Cult	50	300	0	2350	2000	350	56823-Dialogue.mod
Order Adherent	-	25	250	0	4430	4350	80	5031165-Universal Wasteland Expansion.mod
Order Adherent	-	25	250	0	4430	4350	80	5031180-Universal Wasteland Expansion.mod
Order Adherent	-	25	250	0	4430	4350	80	5031179-Universal Wasteland Expansion.mod
Holy Crossbowman	Holy Nation Outlaws/The Holy Nation	0	250	600	1992	1923	69	1533857-Crossbow for everyone.mod
Holy Servant	Holy Nation Outlaws/The Holy Nation	0	250	600	1754	1434	320	18879-rebirth.mod
Holy Chosen	The Holy Nation	0	250	750	1504	1184	320	55677-rebirth.mod
Holy Farmer /HNNAME/	Holy Nation Outlaws/The Holy Nation	0	250	0	970	850	120	43929-rebirth.mod
/HNNAME/	-	0	250	0	970	850	120	5066084-Universal Wasteland Expansion.mod
Holy Farmer Wife /HNNAME/	Holy Nation Outlaws/The Holy Nation	0	250	0	570	450	120	43933-rebirth.mod
Worker Drone	Northern Hive	25	250	0	540	76	464	1531913-Northern Hivers.mod
Order Devotees	-	25	250	0	540	460	80	5031166-Universal Wasteland Expansion.mod
Farmer	-	50	250	0	490	490	0	1206-gamedata.base
Farmer wife	-	50	250	0	490	490	0	2829-gamedata.base
GENERATION_TEMPLATE_CHARACTER	-	0	200	0	57290	57290	0	GENERATION_TEMPLATE_CHARACTER
Captain /SKNAME/	Bele'coz	0	200	4000	46987	46291	696	2757527-Bele'coz.mod
Major /SKNAME/	Bele'coz	0	200	4000	46987	46291	696	5071547-Universal Wasteland Expansion.mod
Moon Captain /GENNAME/	-	0	200	0	41150	40800	350	5071582-Universal Wasteland Expansion.mod
/HNNAME/	Inhuman Hunters	0	200	2000	30145	29865	280	5010797-Universal Wasteland Expansion.mod
Yabuta Outlaw	Yabuta Outlaws	0	200	2000	30005	29900	105	1532485-__May 18 2.mod
Narko's Heretic Purger	Narko's Disciples	0	200	2500	29996	29300	696	2758348-Minor Factions Expansion.mod
Chief /GENNAME/	Yabuta Outlaws	0	200	2000	29005	28900	105	1532488-__May 18 2.mod
Chief /GENNAME/	-	0	200	2000	29005	28900	105	5071606-Universal Wasteland Expansion.mod
random character base	-	0	200	0	25720	25000	720	158-gamedata.quack
Bounty Captain /GENNAME/	-	0	200	0	25200	24800	400	2758786-Minor Factions Expansion.mod
Guardian /HNNAME/	Inhuman Hunters	0	200	5000	25200	24780	420	5008532-Universal Wasteland Expansion.mod
Major /HNNAME/	-	0	200	5000	25200	24780	420	5071573-Universal Wasteland Expansion.mod
Pacifier /GENNAME/	Bele'coz/Blackshifters/Cannibal Hunters/Deadcat/Desolate Plunderers/Drifters/Dune Renegades/Dust Bandits/Empire Peasants/Free Traders/Frontier Tamers/Grayflayers/Highlanders/Hill Marauders/Holy Nation Outlaws/Hook Raiders/Inhuman Hunters/Machinists/Manhunters/Mechanical Hive/Mercenary Guild/Midland Hive/Mongrel/Narko's Disciples/Northern Hive/Northern Nobles/Outlaw/Rebel Farmers/Rebirth/Shinobi Thieves/Skeleton Traders/Skeletons/Slave Hunters/Slaver Prison/Southern Hive/Southern Nobles/Starving Bandits/Stone Rats/Swamp Ruffians/Swampers/Tech Hunters/Tech Traders/The Bastards/The Cold Bloods/The Deluged/The Dominion/The Order of Chitrin/The Scorched Ones/The Sturmijaz/Trade Ninjas/Twinblades/United Heroes League/Western Hive/Western Nobles	0	200	0	25150	24650	500	65078-Minor Faction Pacifiers.mod
Bounty Captain /GENNAME/	-	0	200	0	22900	22500	400	2758779-Minor Factions Expansion.mod
Watchmen Boss /GENNAME/	Dune Renegades	0	200	2300	22746	22346	400	2758776-Minor Factions Expansion.mod
Countess Basilisk	Narko's Disciples	0	200	30000	22560	21400	1160	2757352-Narko's Disciples.mod
Captain /HNNAME/	Inhuman Hunters/The Order of Chitrin	0	200	3500	22485	22065	420	2757533-Shek Hunters.mod
Captain /HNNAME/	Inhuman Hunters	0	200	3500	22485	22065	420	5062223-Universal Wasteland Expansion.mod
Armour Trader /HNNAME/	-	0	200	0	22450	21950	500	2249-gamedata.base
Armour Trader /UCNAME/	Tech Traders/Trade Ninjas	0	200	0	22450	21950	500	636-gamedata.base
Armour Trader /HNNAME/	-	0	200	0	22450	21950	500	5032629-Universal Wasteland Expansion.mod
Tracker Elite /HNNAME/	-	0	200	7000	22385	21965	420	5054300-Universal Wasteland Expansion.mod
Armour Trader /GENNAME/	Dune Renegades/Narko's Disciples	0	200	0	22300	21800	500	1037-gamedata.base
Devon the Coastal Bandit	Hook Raiders	0	200	10000	22300	22000	300	2757475-Hook Rebels.mod
Acolyte Chimera	Narko's Disciples	0	200	10000	22110	21414	696	2757353-Narko's Disciples.mod
Acolyte Mizuchi	Narko's Disciples	0	200	10000	22096	21400	696	2758576-Minor Factions Expansion.mod
Acolyte Salamander	Narko's Disciples	0	200	10000	22064	21464	600	2757354-Narko's Disciples.mod
High Overseer /HNNAME/	-	0	200	0	21714	21250	464	40556-rebirth.mod
Jiroji	-	0	200	0	21640	20480	1160	5035496-Universal Wasteland Expansion.mod
Jeremiah the Entrenched	Dune Renegades	0	200	50000	21480	20480	1000	2757444-Dune Rebels.mod
Apothecary /HNNAME/	The Holy Nation	0	200	4000	21473	20899	574	5054316-Universal Wasteland Expansion.mod
Mikal the Pure	The Holy Nation	0	200	25000	21359	20800	559	2757463-The Hub Re-Established.mod
Tinhead	-	0	200	0	21000	20400	600	18895-rebirth.mod
Halle the Reserved	Dune Renegades	0	200	10000	21000	20400	600	5011901-Universal Wasteland Expansion.mod
Crabsmith	Crab Raiders	0	200	0	20924	20275	649	65970-November.mod
Roughneck /GENNAME/	Scorpion Roughnecks	0	200	4000	20795	20375	420	5033971-Universal Wasteland Expansion.mod
Roughneck /GENNAME/	Scorpion Roughnecks	0	200	4000	20795	20375	420	5033970-Universal Wasteland Expansion.mod
Trader /GENNAME/	Scorpion Trader	0	200	4000	20795	20375	420	5066881-Universal Wasteland Expansion.mod
Renegade Elite /GENNAME/	Dune Renegades	0	200	4600	20289	19689	600	5054296-Universal Wasteland Expansion.mod
Dune Brigand	Dune Renegades	0	200	1300	18915	18765	150	5010792-Universal Wasteland Expansion.mod
Captain /HNNAME/	Narko's Disciples	0	200	3300	18103	17407	696	2757538-Narko's Disciples.mod
Major /HNNAME/	Narko's Disciples	0	200	3300	18103	17407	696	5071581-Universal Wasteland Expansion.mod
Assassin /GENNAME/	Drifters/Shinobi Thieves	0	200	0	18100	17500	600	51760-rebirth.mod
Hook Mutineer	Hook Raiders	0	200	1300	17938	17788	150	5010795-Universal Wasteland Expansion.mod
Green Katana Boss	Green Katanas	0	200	10000	17638	17238	400	2757462-Swamps Expanded.mod
Max the Tracker	Inhuman Hunters	0	200	10000	16120	15700	420	2757511-Shek Hunters.mod
Hooch the Bootlegger	Hook Raiders	0	200	50000	15700	14700	1000	2757454-Hook Rebels.mod
Vigilante Chief	Anti-Slavers/Rebel Swordsmen	0	200	3000	15210	15050	160	1532917-__world reactions NE.mod
Cannibal Hunter Bounty Captain	-	0	200	0	15170	14450	720	2760435-Minor Factions Expansion.mod
Clothing Trader /GENNAME/	-	0	200	0	15100	14600	500	1033-gamedata.base
Hunter Captain /GENNAME/	Cannibal Hunters	0	200	0	15070	14350	720	63887-rebirth.mod
Major /GENNAME/	-	0	200	0	15070	14350	720	5071553-Universal Wasteland Expansion.mod
Empire Mercenary /UCNAME/	Grayflayers	0	200	0	15060	14580	480	50926-rebirth.mod
Cannibal Hunter /GENNAME/	Cannibal Hunters	0	200	0	14900	14300	600	16857-gamedata.base
Hunter Trader /GENNAME/	-	0	200	0	14900	14300	600	5063958-Universal Wasteland Expansion.mod
Norman	-	0	200	0	14500	14400	100	5017218-Universal Wasteland Expansion.mod
-start Cannibal Hunters	-	0	200	0	14450	14300	150	5030217-Universal Wasteland Expansion.mod
super player	-	0	200	0	14269	13500	769	42098-rebirth.mod
Lyra the Apostate	Narko's Disciples	0	200	25000	14120	13400	720	2757458-Narko's Disciples.mod
Arc	Mongrel	0	200	0	13950	13350	600	42069-rebirth.mod
Weapon Trader /HNNAME/	Inhuman Hunters	0	200	0	13922	13290	632	2236-gamedata.base
Weapon Trader /GENNAME/	Hook Raiders	0	200	0	13870	13290	580	2237-gamedata.base
Weapon Trader /HNNAME/	Holy Nation Outlaws	0	200	0	13840	13290	550	1035-gamedata.base
Weapon Trader /UCNAME/	Free Traders/Traders Guild	0	200	0	13840	13290	550	177-gamedata.quack
Arms Trader /GENNAME/	-	0	200	0	13840	13290	550	2757382-Northern Hivers.mod
Weapon Trader /HNNAME/	-	0	200	0	13840	13290	550	5032518-Universal Wasteland Expansion.mod
Arms Trader /GENNAME/	-	0	200	0	13840	13290	550	5037078-Universal Wasteland Expansion.mod
Forgemaster /HNNAME/	-	0	200	0	13840	13290	550	5065417-Universal Wasteland Expansion.mod
Undertaker	-	0	200	0	13770	13350	420	1533840-rebirth.mod
/SKNAME/	Bele'coz	0	200	2500	13519	13055	464	5010799-Universal Wasteland Expansion.mod
High Inquisitor Protector /HNNAME/	The Holy Nation	0	200	7500	13466	12800	666	2759544-HN Ascended.mod
Bugmaster	Spiders	0	200	300000	13375	12375	1000	51333-rebirth.mod
Jimbad	-	0	200	0	13320	12600	720	1356-gamedata.base
Reaper /HNNAME/	Narko's Disciples	0	200	2500	13306	12610	696	2758612-Minor Factions Expansion.mod
Hideki the Shogusha	Inhuman Hunters	0	200	10000	13300	12700	600	5011907-Universal Wasteland Expansion.mod
Crossbow Trader /GENNAME/	Tech Traders	0	200	0	13290	13290	0	95741-__Mourn.mod
Jarl Erik	The Sturmijaz	0	200	0	13275	12400	875	5037270-Universal Wasteland Expansion.mod
King Ragnar the Wrathful	The Sturmijaz	0	200	0	13275	12400	875	5037325-Universal Wasteland Expansion.mod
Zed-copy	-	0	200	0	13139	12300	839	1397-gamedata.base
Yoshinga the Slayer	Inhuman Hunters	0	200	20000	13100	12700	400	2757531-Shek Hunters.mod
Apothecary /SKNAME/	Bele'coz	0	200	0	13088	12624	464	2758758-Minor Factions Expansion.mod
Gorillo Bandit	The Gorrillo Bandits	0	200	5000	12840	12840	0	98504-rebirth.mod
Gorillo Boss	The Gorrillo Bandits	0	200	10000	12840	12840	0	5071219-Universal Wasteland Expansion.mod
Gorillo Captain	-	0	200	10000	12840	12840	0	5071562-Universal Wasteland Expansion.mod
Upgraded Skeleton Guard	-	0	200	0	12760	12400	360	62808-rebirth.mod
Skeleton Bandit	Skeleton Bandits	0	200	0	12760	12400	360	62811-rebirth.mod
Upgraded Skeleton Bandit	Skeleton Bandits	0	200	0	12760	12400	360	64753-__september20.mod
Protector /GENNAME/	-	0	200	0	12760	12400	360	5071591-Universal Wasteland Expansion.mod
Little Jon	-	0	200	0	12580	12400	180	1355-gamedata.base
Broken Skeleton Bandit	Skeleton Bandits	0	200	0	12560	12200	360	62813-rebirth.mod
Strayed Paladin /HNNAME/	The Holy Nation	0	200	4000	12546	11972	574	1532973-__world reactions.mod
Bounty Captain /HNNAME/	-	0	200	0	12500	12220	280	2758209-Minor Factions Expansion.mod
Warrior doctor	-	0	200	0	12170	11450	720	1295-gamedata.base
Medics guard	-	0	200	0	12070	11350	720	1294-gamedata.base
Doc	-	0	200	0	11730	11550	180	1354-gamedata.base
Bounty Captain /SKNAME/	Bele'coz	0	200	0	11084	10620	464	2758722-Minor Factions Expansion.mod
Desolate Plunderer	Desolate Plunderers	0	200	3500	11013	10549	464	2758396-Bandits Expansion.mod
Gerri the Dunewalker	Dune Renegades	0	200	10000	10350	9750	600	2757472-Dune Rebels.mod
Human Mercenary /HNNAME/	Mercenary Guild	0	200	0	10330	9850	480	46995-rebirth.mod
Swamp Ruffian King	Swamp Ruffians	0	200	60000	10260	9100	1160	2757405-Swamp Bandits.mod
Jarl Harald	The Sturmijaz	0	200	0	10175	9300	875	5037271-Universal Wasteland Expansion.mod
/HNNAME/	Narko's Disciples	0	200	1500	9797	9333	464	5010789-Universal Wasteland Expansion.mod
Apothecary /HNNAME/	Narko's Disciples	0	200	1500	9709	9535	174	2758706-Minor Factions Expansion.mod
Smuggler (Op)	Grayflayers	0	200	2000	9590	9350	240	5026306-Universal Wasteland Expansion.mod
Smuggler (Co)	Grayflayers	0	200	2000	9590	9350	240	5026307-Universal Wasteland Expansion.mod
Blue Cleaver Boss	Blue Cleavers	0	200	10000	9554	9254	300	2757472-Swamps Expanded.mod
Hat Trader /UCNAME/	-	0	200	0	9500	9000	500	1021-gamedata.base
Hat Trader /HNNAME/	-	0	200	0	9500	9000	500	2256-gamedata.base
Hat Trader /GENNAME/	-	0	200	0	9500	9000	500	2255-gamedata.base
High Inquisitor Mireda	The Holy Nation	0	200	40000	9259	8800	459	5036462-Universal Wasteland Expansion.mod
High Inquisitor Comera	The Holy Nation	0	200	40000	9259	8800	459	5036463-Universal Wasteland Expansion.mod
Jarl Dietrich	The Sturmijaz	0	200	0	9225	8350	875	5037269-Universal Wasteland Expansion.mod
Elite Hunter (dom)	-	0	200	0	9209	8510	699	5035486-Universal Wasteland Expansion.mod
Hive King /HIVNAME/	Midland Hive	0	200	0	9145	8650	495	2759358-Hiver Expansion.mod
Hive King /HIVNAME/	Northern Hive	0	200	0	9100	8550	550	2759364-Hiver Expansion.mod
Buglord /CANNAME/	Spiders	0	200	10000	9074	8375	699	5031205-Universal Wasteland Expansion.mod
Calvin	Hook Raiders	0	200	10000	9050	8450	600	5012302-Universal Wasteland Expansion.mod
Hive King /HIVNAME/	Western Hive	0	200	0	9045	8550	495	2759350-Hiver Expansion.mod
Hive King /HIVNAME/	Mechanical Hive	0	200	0	9045	8550	495	5023180-Universal Wasteland Expansion.mod
Brutus	White Eyebrow Clan	0	200	35000	9029	8400	629	5029061-Universal Wasteland Expansion.mod
Hive King /HIVNAME/	Southern Hive	0	200	0	9000	8550	450	5062602-Universal Wasteland Expansion.mod
Empire sergeant OLD	-	0	200	0	8980	8500	480	1160-gamedata.base
Crab Queen	Crab Raiders	0	200	40000	8975	8275	700	62827-rebirth.mod
Mercenary Captain /GENNAME/	Mercenary Guild	0	200	0	8900	8300	600	2757334-Hiver Bars.mod
Mercenary Captain /GENNAME/	Mercenary Guild	0	200	0	8900	8300	600	2757553-Midland Hivers.mod
Mercenary Captain /GENNAME/	Mercenary Guild	0	200	0	8900	8300	600	2757373-Northern Hivers.mod
Mercenary Captain /GENNAME/	Mercenary Guild	0	200	0	8900	8300	600	5022303-Universal Wasteland Expansion.mod
Mercenary Captain /GENNAME/	Mercenary Guild	0	200	0	8900	8300	600	5062548-Universal Wasteland Expansion.mod
Mercenary /GENNAME/	Mercenary Guild	0	200	0	8830	8430	400	2757335-Hiver Bars.mod
Mercenary /GENNAME/	Mercenary Guild	0	200	0	8830	8430	400	2757554-Midland Hivers.mod
Mercenary /GENNAME/	Mercenary Guild	0	200	0	8830	8430	400	2757375-Northern Hivers.mod
Mercenary /GENNAME/	Mercenary Guild	0	200	0	8830	8430	400	5022304-Universal Wasteland Expansion.mod
Mercenary /GENNAME/	Mercenary Guild	0	200	0	8830	8430	400	5062549-Universal Wasteland Expansion.mod
Empire guard sergeant OLD	-	0	200	0	8820	8500	320	1385-gamedata.base
-start White Eyebrow Clan	White Eyebrow Clan	0	200	2000	8805	8700	105	5030463-Universal Wasteland Expansion.mod
Halg the Annihilator	United Cities	0	200	30000	8800	8200	600	1533548-Bounties Expanded.mod
Mercenary Heavy /GENNAME/	Mercenary Guild	0	200	0	8680	8200	480	2757336-Hiver Bars.mod
Mercenary Heavy /GENNAME/	Mercenary Guild	0	200	0	8680	8200	480	2757555-Midland Hivers.mod
Mercenary Heavy /GENNAME/	Mercenary Guild	0	200	0	8680	8200	480	2757374-Northern Hivers.mod
Mercenary Heavy /GENNAME/	Mercenary Guild	0	200	0	8680	8200	480	5022305-Universal Wasteland Expansion.mod
Mercenary Heavy /GENNAME/	Mercenary Guild	0	200	0	8680	8200	480	5062550-Universal Wasteland Expansion.mod
General Jaichong	Southern Hive	0	200	0	8550	8300	250	1535206-Hiver_Expansion.mod
Heavy Ronin /GENNAME/	Southern Hive	0	200	0	8550	8300	250	1535259-Hiver_Expansion.mod
Ronin /GENNAME/	Southern Hive	0	200	0	8500	8250	250	1535202-Hiver_Expansion.mod
Sigurd	The Sturmijaz	0	200	0	8500	8350	150	5042213-Universal Wasteland Expansion.mod
Gorrillo	-	0	200	50000	8300	8300	0	96263-rebirth.mod
Barman /GENNAME/	-	0	200	0	8075	8075	0	65827-rebirth.mod
-start Swampers	-	0	200	0	7410	7305	105	5030454-Universal Wasteland Expansion.mod
Swamper Mech Shop	Swampers	0	200	1000	7390	7190	200	52892-rebirth.mod
Jarl /VIK/	The Sturmijaz	0	200	0	6685	5810	875	5037188-Universal Wasteland Expansion.mod
Earl /VIK/	-	0	200	0	6685	5810	875	5071594-Universal Wasteland Expansion.mod
Earl /VIK/	-	0	200	0	6685	5810	875	5071595-Universal Wasteland Expansion.mod
Earl /VIK/	-	0	200	0	6685	5810	875	5071596-Universal Wasteland Expansion.mod
Earl /VIK/	-	0	200	0	6685	5810	875	5071597-Universal Wasteland Expansion.mod
Thane /VIK/	The Sturmijaz	0	200	0	6440	5815	625	5037262-Universal Wasteland Expansion.mod
Swamper Gate Guard	Blackshifters/Hounds/Swampers/Twinblades	0	200	1000	6420	6000	420	51837-rebirth.mod
-start Sturmijaz	-	0	200	0	6330	5830	500	5037346-Universal Wasteland Expansion.mod
/GENNAME/	Drifters	0	200	0	6310	6310	0	2757395-Skeletons Expanded.mod
/HIVNAME/	Swampers	0	200	0	6310	6310	0	2758445-Hiver Expansion.mod
/HIVNAME/	Swampers	0	200	0	6310	6310	0	1531920-Northern Hivers.mod
/HIVNAME/	Drifters/Swampers	0	200	0	6310	6310	0	5022610-Universal Wasteland Expansion.mod
Green Katana	Green Katanas	0	200	0	6219	5739	480	2757460-Swamps Expanded.mod
Green Katana Captain	Green Katanas	0	200	0	6219	5739	480	5071565-Universal Wasteland Expansion.mod
Blue Cleaver Bowman	Blue Cleavers	0	200	0	6203	5923	280	2757483-Swamps Expanded.mod
Green Katana Bowman	Green Katanas	0	200	0	6163	5923	240	2757482-Swamps Expanded.mod
Blue Cleaver	Blue Cleavers	0	200	0	6139	5739	400	2757470-Swamps Expanded.mod
Blue Cleaver Captain	Blue Cleavers	0	200	0	6139	5739	400	5071552-Universal Wasteland Expansion.mod
Peasant	Empire Peasants/Free Traders	0	200	0	5830	5750	80	56144-rebirth.mod
Bastard	The Bastards	0	200	4000	5566	5102	464	1533853-Northern Bandits Expanded.mod
Prince /HIVNAME/	Western Hive	0	200	20000	5516	5066	450	5033496-Universal Wasteland Expansion.mod
Deluged	The Deluged	0	200	4000	5473	5009	464	1533857-Northern Bandits Expanded.mod
Apothecary /GENNAME/	Dune Renegades	0	200	800	5243	4955	288	2758783-Minor Factions Expansion.mod
Apothecary /GENNAME/	Hook Raiders	0	200	800	5139	4955	184	2758785-Minor Factions Expansion.mod
Ninja Guard /GENNAME/+	Shinobi Thieves	0	200	0	5050	5050	0	5067905-Universal Wasteland Expansion.mod
Animal Tamer /GENNAME/	-	0	200	0	5000	4600	400	2758459-Minor Factions Expansion.mod
Animal Tamer /GENNAME/	-	0	200	0	5000	4600	400	2758506-Minor Factions Expansion.mod
Swamp Animal Trader Chief	-	0	200	0	5000	4600	400	1531916-Swamp Animal Traders.mod
Captain /GENNAME/	Rebel Swordsmen	0	200	3000	4960	4800	160	1532901-__world reactions NE.mod
Chonin /GENNAME/	Black Dragon Ninjas	0	200	2500	4922	4682	240	4999129-White Eyebrow Clan.mod
Native	Natives	0	200	500	4848	4843	5	5009699-Universal Wasteland Expansion.mod
War Chief /GENNAME/	Natives	0	200	1500	4848	4843	5	5071480-Universal Wasteland Expansion.mod
Chief Idzuon	Natives	0	200	10000	4848	4843	5	5032869-Universal Wasteland Expansion.mod
/HNNAME/	-	0	200	0	4830	4650	180	5054443-Universal Wasteland Expansion.mod
Ninja Guard	Holy Nation Outlaws/Shinobi Thieves/Tech Traders/Trade Ninjas	0	200	0	4790	4550	240	44861-rebirth.mod
Agent /UCNAME/	-	0	200	0	4600	4300	300	2365-gamedata.base
Lorraine	-	0	200	0	4600	4450	150	5042204-Universal Wasteland Expansion.mod
Swordsman Veteran /GENNAME/	Rebel Farmers/Rebel Swordsmen	0	200	800	4580	3920	660	1533488-__world reactions NE.mod
Captain /GENNAME/	-	0	200	800	4580	3920	660	5071584-Universal Wasteland Expansion.mod
/SKNAME/	-	0	200	0	4480	4300	180	5054456-Universal Wasteland Expansion.mod
/HNNAME/	-	0	200	0	4480	4300	180	5054465-Universal Wasteland Expansion.mod
/UCNAME/	-	0	200	0	4480	4300	180	5054474-Universal Wasteland Expansion.mod
/VIK/	-	0	200	0	4480	4300	180	5054483-Universal Wasteland Expansion.mod
/GENNAME/	-	0	200	0	4480	4300	180	5059820-Universal Wasteland Expansion.mod
/GENNAME/	-	0	200	0	4480	4300	180	5065097-Universal Wasteland Expansion.mod
/HNNAME/	-	0	200	0	4480	4300	180	5065109-Universal Wasteland Expansion.mod
Desolate Plunderer Bowman	Desolate Plunderers	0	200	3500	4444	4164	280	2758397-Bandits Expansion.mod
Mukai The Mountain	-	0	200	50000	4400	3300	1100	1533326-__world reactions Shek.mod
Armour Trader /GENNAME/	-	0	200	0	4400	3900	500	2757384-Northern Hivers.mod
/GENNAME/	Drifters/Northern Hive/Southern Hive	0	200	0	4380	4200	180	1737-gamedata.base
/SKNAME/	Drifters	0	200	0	4380	4200	180	65098-ShekSub.mod
/SKNAME/	Drifters	0	200	0	4380	4200	180	1531947-Shek Sub 2.mod
/SKNAME/	Drifters	0	200	0	4350	4200	150	65100-ShekSub.mod
/SKNAME/	Drifters	0	200	0	4350	4200	150	1531948-Shek Sub 2.mod
Trader /UCNAME/	Slave Traders	0	200	0	4320	3900	420	56179-rebirth.mod
Trader /HNNAME/	-	0	200	0	4320	3900	420	5038953-Universal Wasteland Expansion.mod
Jiri the Greedy	Outlaw	0	200	20000	4300	3700	600	2757463-Bounties Expanded.mod
Kabe the Corrupt	Empire Peasants	0	200	20000	4300	3700	600	2757461-Bounties Expanded.mod
Lenio the Revolutionary	Empire Peasants	0	200	20000	4300	3700	600	2757466-Bounties Expanded.mod
/GENNAME/	Drifters/Northern Hive/Southern Hive	0	200	0	4280	4100	180	1370-gamedata.base
Sword for hire hiver	-	0	200	0	4280	4100	180	1531907-Hiver Bars.mod
/SKNAME/	Drifters	0	200	0	4280	4100	180	65097-ShekSub.mod
/SKNAME/	Drifters	0	200	0	4280	4100	180	1531946-Shek Sub 2.mod
/HIVNAME/	Drifters/Swampers	0	200	0	4280	4100	180	5022609-Universal Wasteland Expansion.mod
/SKNAME/	-	0	200	0	4280	4100	180	5054448-Universal Wasteland Expansion.mod
/SKNAME/	-	0	200	0	4280	4100	180	5054451-Universal Wasteland Expansion.mod
/SKNAME/	-	0	200	0	4280	4100	180	5054452-Universal Wasteland Expansion.mod
/SKNAME/	-	0	200	0	4280	4100	180	5054453-Universal Wasteland Expansion.mod
/SKNAME/	-	0	200	0	4280	4100	180	5054454-Universal Wasteland Expansion.mod
/SKNAME/	-	0	200	0	4280	4100	180	5054455-Universal Wasteland Expansion.mod
/HNNAME/	-	0	200	0	4280	4100	180	5054457-Universal Wasteland Expansion.mod
/HNNAME/	-	0	200	0	4280	4100	180	5054460-Universal Wasteland Expansion.mod
/HNNAME/	-	0	200	0	4280	4100	180	5054461-Universal Wasteland Expansion.mod
/HNNAME/	-	0	200	0	4280	4100	180	5054462-Universal Wasteland Expansion.mod
/HNNAME/	-	0	200	0	4280	4100	180	5054463-Universal Wasteland Expansion.mod
/HNNAME/	-	0	200	0	4280	4100	180	5054464-Universal Wasteland Expansion.mod
/UCNAME/	-	0	200	0	4280	4100	180	5054466-Universal Wasteland Expansion.mod
/UCNAME/	-	0	200	0	4280	4100	180	5054469-Universal Wasteland Expansion.mod
/UCNAME/	-	0	200	0	4280	4100	180	5054470-Universal Wasteland Expansion.mod
/UCNAME/	-	0	200	0	4280	4100	180	5054471-Universal Wasteland Expansion.mod
/UCNAME/	-	0	200	0	4280	4100	180	5054472-Universal Wasteland Expansion.mod
/UCNAME/	-	0	200	0	4280	4100	180	5054473-Universal Wasteland Expansion.mod
/VIK/	-	0	200	0	4280	4100	180	5054475-Universal Wasteland Expansion.mod
/VIK/	-	0	200	0	4280	4100	180	5054478-Universal Wasteland Expansion.mod
/VIK/	-	0	200	0	4280	4100	180	5054479-Universal Wasteland Expansion.mod
/VIK/	-	0	200	0	4280	4100	180	5054480-Universal Wasteland Expansion.mod
/VIK/	-	0	200	0	4280	4100	180	5054481-Universal Wasteland Expansion.mod
/VIK/	-	0	200	0	4280	4100	180	5054482-Universal Wasteland Expansion.mod
/GENNAME/	-	0	200	0	4280	4100	180	5059816-Universal Wasteland Expansion.mod
/GENNAME/	-	0	200	0	4280	4100	180	5059817-Universal Wasteland Expansion.mod
/GENNAME/	-	0	200	0	4280	4100	180	5059818-Universal Wasteland Expansion.mod
/GENNAME/	-	0	200	0	4280	4100	180	5059819-Universal Wasteland Expansion.mod
/GENNAME/	-	0	200	0	4280	4100	180	5065089-Universal Wasteland Expansion.mod
/HNNAME/	-	0	200	0	4280	4100	180	5065101-Universal Wasteland Expansion.mod
/GENNAME/	-	0	200	0	4280	4100	180	5065092-Universal Wasteland Expansion.mod
/GENNAME/	-	0	200	0	4280	4100	180	5065093-Universal Wasteland Expansion.mod
/GENNAME/	-	0	200	0	4280	4100	180	5065098-Universal Wasteland Expansion.mod
/GENNAME/	-	0	200	0	4280	4100	180	5065096-Universal Wasteland Expansion.mod
/HNNAME/	-	0	200	0	4280	4100	180	5065104-Universal Wasteland Expansion.mod
/HNNAME/	-	0	200	0	4280	4100	180	5065105-Universal Wasteland Expansion.mod
/HNNAME/	-	0	200	0	4280	4100	180	5065106-Universal Wasteland Expansion.mod
/HNNAME/	-	0	200	0	4280	4100	180	5065107-Universal Wasteland Expansion.mod
/HNNAME/	-	0	200	0	4280	4100	180	5065108-Universal Wasteland Expansion.mod
Roulette Dealer	Blackshifters/Drifters	0	200	0	4150	4000	150	5017490-Universal Wasteland Expansion.mod
Oicho-Kabu Dealer	Drifters	0	200	0	4150	4000	150	5018377-Universal Wasteland Expansion.mod
Hoo Hey How Dealer	Drifters	0	200	0	4150	4000	150	5019119-Universal Wasteland Expansion.mod
Janken Dealer	-	0	200	0	4150	4000	150	5019121-Universal Wasteland Expansion.mod
Kitsune Bakuchi Dealer	Blackshifters/Drifters	0	200	0	4150	4000	150	5019123-Universal Wasteland Expansion.mod
Over-Under 7 Dealer	Blackshifters/Drifters	0	200	0	4150	4000	150	5019127-Universal Wasteland Expansion.mod
Heads or Tails Dealer	Blackshifters	0	200	0	4150	4000	150	5019129-Universal Wasteland Expansion.mod
Higher Lower Dealer	Blackshifters/Drifters	0	200	0	4150	4000	150	5024352-Universal Wasteland Expansion.mod
/GENNAME/	Drifters/Northern Hive/Southern Hive	0	200	0	4130	3650	480	1776-gamedata.base
/SKNAME/	Drifters	0	200	0	4130	3650	480	65099-ShekSub.mod
/SKNAME/	Drifters	0	200	0	4130	3650	480	1531950-Shek Sub 2.mod
/HIVNAME/	Drifters/Swampers	0	200	0	4130	3650	480	5022608-Universal Wasteland Expansion.mod
/UCNAME/	-	0	200	0	4130	3650	480	5054484-Universal Wasteland Expansion.mod
Alek the Bold	Bele'coz	0	200	10000	4096	3400	696	5011474-Universal Wasteland Expansion.mod
Cloud Ninja	Black Desert Ninjas	0	200	0	4070	3350	720	66293-rebirth.mod
Ungra the Belligerent	Bele'coz	0	200	10000	4060	3400	660	2757517-Bele'coz.mod
Race Runner	Swampers	0	200	1000	4050	3900	150	5020657-Universal Wasteland Expansion.mod
Dogtrack Race Runner	-	0	200	0	4050	3900	150	5026611-Universal Wasteland Expansion.mod
Mercenary Heavy /GENNAME/	Mercenary Guild	0	200	0	4040	3560	480	1292-gamedata.base
Find the Lady Dealer	-	0	200	0	4000	4000	0	5010487-Universal Wasteland Expansion.mod
Cho-Han Dealer	Blackshifters/Drifters	0	200	0	4000	4000	0	5018251-Universal Wasteland Expansion.mod
Gutter Bonedog Dealer	Blackshifters	0	200	0	4000	4000	0	5019125-Universal Wasteland Expansion.mod
Craps Dealer	Blackshifters/Drifters	0	200	0	4000	4000	0	5019130-Universal Wasteland Expansion.mod
Mercenary Heavy /GENNAME/	Mercenary Guild	0	200	0	3980	3500	480	5031785-Universal Wasteland Expansion.mod
Lost Howler	Shrieking Bandits	0	200	0	3960	3300	660	1535264-ShriekingBandit_Expansion.mod
Red Howler	Shrieking Bandits	0	200	0	3960	3300	660	1535209-ShriekingBandit_Expansion.mod
Barman waystation	-	0	200	0	3896	3200	696	44860-rebirth.mod
Barman Lagoon	-	0	200	0	3896	3200	696	95582-__Mourn.mod
Guard /GENNAME/	Slave Traders	0	200	0	3820	3500	320	54544-rebirth.mod
Barman /UCNAME/	-	0	200	0	3800	3200	600	58700-rebirth.mod
Egg Collector	Egg Collectors	0	200	0	3795	3075	720	5042074-Universal Wasteland Expansion.mod
Egg Collector	Egg Collectors	0	200	0	3795	3075	720	5042086-Universal Wasteland Expansion.mod
Egg Collector	Egg Collectors	0	200	0	3795	3075	720	5042087-Universal Wasteland Expansion.mod
Egg Collector	Egg Collectors	0	200	0	3795	3075	720	5042088-Universal Wasteland Expansion.mod
Egg Collector	Egg Collectors	0	200	0	3795	3075	720	5042089-Universal Wasteland Expansion.mod
Egg Collector	Egg Collectors	0	200	0	3795	3075	720	5042090-Universal Wasteland Expansion.mod
Egg Collector	Egg Collectors	0	200	0	3795	3075	720	5042091-Universal Wasteland Expansion.mod
Egg Collector	Egg Collectors	0	200	0	3795	3075	720	5042092-Universal Wasteland Expansion.mod
Egg Collector	Egg Collectors	0	200	0	3795	3075	720	5042093-Universal Wasteland Expansion.mod
Egg Collector	Egg Collectors	0	200	0	3795	3075	720	5042094-Universal Wasteland Expansion.mod
Egg Collector OG	-	0	200	0	3795	3075	720	5042139-Universal Wasteland Expansion.mod
Wilson	The Order of Chitrin	0	200	0	3790	3700	90	5042212-Universal Wasteland Expansion.mod
Roscoe	The Dominion	0	200	0	3720	3570	150	5042211-Universal Wasteland Expansion.mod
Police Chief /UCNAME/	Police/United Cities	0	200	0	3660	3300	360	1833-gamedata.base
-start Black Dragon Ninjas	-	0	200	2000	3657	3597	60	5030460-Universal Wasteland Expansion.mod
-start Slave Traders	-	0	200	0	3620	3500	120	5030451-Universal Wasteland Expansion.mod
Screeching Beast	Shrieking Bandits	0	200	0	3620	3260	360	1535215-ShriekingBandit_Expansion.mod
Drengr	The Sturmijaz	0	200	0	3609	3109	500	5037565-Universal Wasteland Expansion.mod
Militia	-	0	200	0	3600	3200	400	1210-gamedata.base
Dust King	-	0	200	35000	3590	3350	240	2849-gamedata.base
Crab Patron	Crab Raiders	0	200	0	3580	3300	280	65945-November.mod
-start yabuta outlaw	-	0	200	4000	3555	3450	105	5036134-Universal Wasteland Expansion.mod
Moll	-	0	200	50000	3550	3150	400	50350-rebirth.mod
/GENNAME/	Drifters/Northern Hive/Southern Hive/The Cold Bloods	0	200	0	3525	3450	75	1777-gamedata.base
Apprentice /CANNAME/	Spiders	0	200	1000	3525	3375	150	5071510-Universal Wasteland Expansion.mod
Foolish Babbler	Shrieking Bandits	0	200	0	3512	3300	212	1535207-ShriekingBandit_Expansion.mod
Zed	Machinists/Tech Hunters	0	200	0	3500	3500	0	1353-gamedata.base
Mindy	Flotsam Ninjas	0	200	0	3490	3250	240	5032511-Universal Wasteland Expansion.mod
Lost Babbler	Shrieking Bandits	0	200	0	3453	3300	153	1535262-ShriekingBandit_Expansion.mod
Wise Babbler	Shrieking Bandits	0	200	0	3453	3300	153	1535205-ShriekingBandit_Expansion.mod
Yellow Howler	Shrieking Bandits	0	200	0	3427	3300	127	1535211-ShriekingBandit_Expansion.mod
Jounin /GENNAME/	Sand Ninjas	0	200	3000	3411	2691	720	1310-gamedata.base
Jounin Captain /GENNAME/	-	0	200	3000	3411	2691	720	5071586-Universal Wasteland Expansion.mod
-start Crab Raiders	-	0	200	0	3405	3300	105	5030442-Universal Wasteland Expansion.mod
Daymond the Treacherous	-	0	200	30000	3400	2900	500	2757654-Deadcat Extended.mod
Pixie the Sprite	Flotsam Ninjas	0	200	25000	3390	3150	240	1533539-Bounties Expanded.mod
Deluged King	The Deluged	0	200	80000	3324	2324	1000	1533860-Northern Bandits Expanded.mod
/HIVNAME/	Drifters/Swampers	0	200	0	3320	3290	30	5022611-Universal Wasteland Expansion.mod
/SKNAME/	-	0	200	0	3320	3290	30	5054450-Universal Wasteland Expansion.mod
/HNNAME/	-	0	200	0	3320	3290	30	5054459-Universal Wasteland Expansion.mod
/UCNAME/	-	0	200	0	3320	3290	30	5054468-Universal Wasteland Expansion.mod
/VIK/	-	0	200	0	3320	3290	30	5054477-Universal Wasteland Expansion.mod
/HNNAME/	-	0	200	0	3320	3290	30	5065103-Universal Wasteland Expansion.mod
Swimmer	Machinists/Tech Hunters	0	200	0	3300	3300	0	5028239-Universal Wasteland Expansion.mod
Atticus	Machinists/Tech Hunters	0	200	0	3300	3300	0	5028241-Universal Wasteland Expansion.mod
Shopkeep /VIK/	The Sturmijaz	0	200	0	3300	3300	0	5037544-Universal Wasteland Expansion.mod
Groaning Footman	Shrieking Bandits	0	200	0	3300	3300	0	1535217-ShriekingBandit_Expansion.mod
Lost Footman	Shrieking Bandits	0	200	0	3300	3300	0	1535263-ShriekingBandit_Expansion.mod
Shrieking Bandit	Shrieking Bandits	0	200	0	3292	3080	212	42237-rebirth.mod
Shackleford	Drifters	0	200	0	3290	3290	0	5032944-Universal Wasteland Expansion.mod
Craig the Fishmonger	-	0	200	10000	3200	2900	300	2759512-Minor Factions Expansion.mod
Alan the Green-thumb	-	0	200	0	3200	2900	300	2760675-HN Ascended.mod
Jarvis the Farmer	-	0	200	0	3200	2900	300	2760680-HN Ascended.mod
Sabina	Machinists/Tech Hunters	0	200	0	3200	3200	0	5028240-Universal Wasteland Expansion.mod
Gerald the Builder	-	0	200	10000	3200	2900	300	5066276-Universal Wasteland Expansion.mod
Kraz the Unsane	Bele'coz	0	200	20000	3174	2014	1160	2757496-Bele'coz.mod
/SKNAME/	-	0	200	0	3130	3040	90	5054449-Universal Wasteland Expansion.mod
/HNNAME/	-	0	200	0	3130	3040	90	5054458-Universal Wasteland Expansion.mod
/UCNAME/	-	0	200	0	3130	3040	90	5054467-Universal Wasteland Expansion.mod
/VIK/	-	0	200	0	3130	3040	90	5054476-Universal Wasteland Expansion.mod
/HNNAME/	-	0	200	0	3130	3040	90	5065102-Universal Wasteland Expansion.mod
Asshole	No Faction	0	200	0	3112	3100	12	3371-gamedata.base
Trepp	Machinists/Tech Hunters	0	200	0	3100	3100	0	5026849-Universal Wasteland Expansion.mod
Fish	Machinists/Tech Hunters	0	200	0	3100	3100	0	5026850-Universal Wasteland Expansion.mod
Idad	Machinists/Tech Hunters	0	200	0	3100	3100	0	5026851-Universal Wasteland Expansion.mod
Jin	Tech Hunters	0	200	0	3100	3100	0	5032513-Universal Wasteland Expansion.mod
Garam	Tech Hunters	0	200	0	3100	3100	0	5060481-Universal Wasteland Expansion.mod
/HNNAME/	Herdsmen	0	200	500	3052	2852	200	5009696-Universal Wasteland Expansion.mod
Foreman /HNNAME/	Herdsmen	0	200	1500	3052	2852	200	5071481-Universal Wasteland Expansion.mod
Ace	Drifters	0	200	0	3040	3040	0	1531900-Lonely Recruits.mod
Commodore Thomas	Herdsmen	0	200	10000	2992	2792	200	5032870-Universal Wasteland Expansion.mod
Felk the Iron Head	Skeleton Legion	0	200	50000	2960	2300	660	1533527-Bounties Expanded.mod
Bastard Bowman	The Bastards	0	200	4000	2734	2334	400	1533856-Northern Bandits Expanded.mod
Talmadge	Deadcat/Drifters	0	200	0	2730	2700	30	2758431-Lonely Recruits.mod
Deluged Bowman	The Deluged	0	200	4000	2620	2220	400	1533858-Northern Bandits Expanded.mod
Outlaw Farmer	Empire Peasants/Outlaw/Rebel Farmers/Rebel Swordsmen/United Cities	0	200	800	2530	2500	30	54299-rebirth.mod
Outpost Guard /UCNAME/	Free Traders	0	200	0	2270	1550	720	1199-gamedata.base
Yancy the Land Burner	Rebel Farmers	0	200	10000	2160	1800	360	2757478-Bounties Expanded.mod
Acolyte Wyvern	Narko's Disciples	0	200	10000	2070	1350	720	2757355-Narko's Disciples.mod
Spring Agent	-	0	200	3500	2060	1700	360	54593-rebirth.mod
Scorched One King	The Scorched Ones	0	200	80000	2010	850	1160	2759556-Bandits Expansion.mod
Jaffe the Metal Rebel	Skeleton Legion	0	200	50000	1960	1300	660	1533530-Bounties Expanded.mod
Rusty the Mountain Bandit	Skeleton Legion	0	200	50000	1960	1300	660	1533536-Bounties Expanded.mod
Red Sabre Bowman	Red Sabres	0	200	0	1907	1723	184	2757480-Swamps Expanded.mod
-start Flotsam Ninja	-	0	200	500	1800	1800	0	5030162-Universal Wasteland Expansion.mod
Greenbeard	Grass Pirates	0	200	20000	1740	1440	300	5000368-Bandits Expansion.mod
-start hill marauder	-	0	200	4000	1705	1600	105	5000384-Bandits Expansion.mod
Bastard King	The Bastards	0	200	80000	1644	1324	320	1533855-Northern Bandits Expanded.mod
Grass Pirate	Grass Pirates	0	200	2000	1620	1340	280	96177-rebirth.mod
HNO robot	Holy Nation Outlaws/Skeletons	0	200	1500	1592	1412	180	2757360-The Hub Re-Established.mod
-start desolate plunderer	-	0	200	4000	1580	1550	30	5000382-Bandits Expansion.mod
Straw Lieutenant /GENNAME/	Grass Pirates	0	200	2000	1540	1340	200	96178-rebirth.mod
Straw Captain /GENNAME/	-	0	200	2000	1540	1340	200	5071563-Universal Wasteland Expansion.mod
random character base-copy	-	0	200	0	1530	1050	480	1316-gamedata.base
Chad	Tech Hunters	0	200	0	1400	1400	0	95710-__Mourn.mod
Shop Guard /GENNAME/	Crab Raiders/Free Traders/Grayflayers/Machinists/Nomads/Shek Kingdom/Swampers/Tech Traders	0	200	0	1400	1000	400	5028648-Universal Wasteland Expansion.mod
Shop Guard /GENNAME/	Tech Traders	0	200	0	1400	1000	400	5040086-Universal Wasteland Expansion.mod
Hive Bounty Captain	Mechanical Hive	0	200	0	1376	680	696	5022291-Universal Wasteland Expansion.mod
Erik the Flayer	The Holy Nation	0	200	20000	1370	1050	320	2757487-Bounties Expanded.mod
Harold the Cleanser	The Holy Nation	0	200	30000	1370	1050	320	2757481-Bounties Expanded.mod
Hive Bounty Captain	Western Hive	0	200	0	1366	670	696	2758193-Hiver Expansion.mod
Hive Bounty Captain	Midland Hive	0	200	0	1366	670	696	2758230-Hiver Expansion.mod
Infinite Wingwang	-	0	200	0	1360	1200	160	227-gamedata.base
Infinite Wingwang	-	0	200	0	1360	1200	160	43976-rebirth.mod
Mad Cat-Lon	-	0	200	0	1360	160	1200	1533858-rebirth.mod
Kamikaze /SKNAME/	Shek Kingdom	0	200	4000	1358	662	696	1532989-__world reactions W.mod
Hive Bounty Captain	Northern Hive	0	200	0	1346	650	696	2758238-Hiver Expansion.mod
Boot Trader /GENNAME/	Narko's Disciples	0	200	0	1300	800	500	1034-gamedata.base
Arc	-	0	200	0	1299	600	699	2828-gamedata.base
Engineer /GENNAME/	Skeletons	0	200	5000	1250	530	720	2758712-Minor Factions Expansion.mod
Slave Trader /UCNAME/	Slave Traders	0	200	0	1246	1150	96	5288-gamedata.base
Boss /SKNAME/	Kral's Chosen	0	200	4100	1225	800	425	5071202-Universal Wasteland Expansion.mod
Captain /SKNAME/	Kral's Chosen	0	200	4100	1225	800	425	5071579-Universal Wasteland Expansion.mod
Gate Guard /SKNAME/	Shek Kingdom	0	200	5000	1218	498	720	2758927-Shek Kingdom Expansion.mod
Kral's Chosen	Kral's Chosen	0	200	2600	1200	800	400	51356-rebirth.mod
Gorak the Old	Shek Kingdom	0	200	10000	1196	500	696	5009256-Universal Wasteland Expansion.mod
Katrina the Ogre	Shek Kingdom	0	200	10000	1196	500	696	5009261-Universal Wasteland Expansion.mod
General Jang	Hydraulic Knights	0	200	0	1160	160	1000	1533664-rebirth.mod
Mechanical Queen	Mechanical Hive	0	200	30000	1160	0	1160	5022312-Universal Wasteland Expansion.mod
/UCNAME/	Machinists	0	200	0	1150	1150	0	50389-rebirth.mod
Sir Testalot	Spiders	0	200	0	1150	150	1000	61911-rebirth.mod
Machinist Map Vendor	-	0	200	0	1150	1150	0	5034297-Universal Wasteland Expansion.mod
/UCNAME/	Machinists	0	200	0	1150	1150	0	5053737-Universal Wasteland Expansion.mod
/UCNAME/	Machinists	0	200	0	1150	1150	0	5053738-Universal Wasteland Expansion.mod
Vagabond	-	0	200	20000	1139	300	839	2061-gamedata.base
-start nomads	-	0	200	0	1130	1100	30	5033394-Universal Wasteland Expansion.mod
/GENNAME/	-	0	200	0	1125	1050	75	5065099-Universal Wasteland Expansion.mod
Nomad	Nomads	0	200	0	1120	1040	80	42337-rebirth.mod
-start sand ninjas	-	0	200	2500	1120	400	720	5036548-Universal Wasteland Expansion.mod
Soldier /GENNAME/	Skeletons	0	200	5000	1111	391	720	2758716-Minor Factions Expansion.mod
Skeleton Soldier MKIII	Skeletons	0	200	5000	1111	391	720	5053778-Universal Wasteland Expansion.mod
Skeleton Soldier MKIV	Skeletons	0	200	5000	1111	391	720	5053779-Universal Wasteland Expansion.mod
Captain /GENNAME/	Skeletons	0	200	6500	1111	391	720	5062235-Universal Wasteland Expansion.mod
Captain /GENNAME/	Skeletons	0	200	7500	1111	391	720	5062236-Universal Wasteland Expansion.mod
Major /GENNAME/	Skeletons	0	200	6500	1111	391	720	5071589-Universal Wasteland Expansion.mod
Major /GENNAME/	Skeletons	0	200	6500	1111	391	720	5071590-Universal Wasteland Expansion.mod
Skel Animal Trader Chief	Skeleton Traders/Skeletons	0	200	0	1100	700	400	2758194-Minor Factions Expansion.mod
Animal Trader /UCNAME/	-	0	200	0	1100	700	400	1533859-UC Heightened.mod
Frenzy /VIK/	The Sturmijaz	0	200	0	1089	509	580	5037178-Universal Wasteland Expansion.mod
Denisova the Horned	Kral's Chosen	0	200	10000	1050	650	400	2757493-Bounties Expanded.mod
Plastic Surgeon /GENNAME/	Drifters/Tech Hunters	0	200	0	1040	1040	0	2132-gamedata.base
Plastic Surgeon /GENNAME/	-	0	200	0	1040	1040	0	5009933-Universal Wasteland Expansion.mod
Mercenary Captain /GENNAME/	Mercenary Guild	0	200	0	1020	300	720	2757397-Skeletons Expanded.mod
Kevin	-	0	200	0	1010	950	60	5042208-Universal Wasteland Expansion.mod
Smuggler Barman	Grayflayers	0	200	0	1000	600	400	56165-rebirth.mod
King Gurgler	Fishmen	0	200	0	1000	0	1000	2759725-Minor Factions Expansion.mod
Animal Tamer /GENNAME/	-	0	200	0	1000	600	400	2758479-Minor Factions Expansion.mod
Queen of the Midlands	Midland Hive	0	200	30000	1000	0	1000	2758133-Midland Hivers.mod
Queen of the North	Northern Hive	0	200	30000	1000	0	1000	2759077-Hiver Expansion.mod
Hydraulic Knight	-	0	200	0	999	160	839	1533666-rebirth.mod
Hydraulic Knight+	Hydraulic Knights	0	200	0	999	160	839	5039614-Universal Wasteland Expansion.mod
Forgemaster /SKNAME/	Shek Kingdom	0	200	0	967	390	577	5032415-Universal Wasteland Expansion.mod
Forgemaster /HNNAME/	The Holy Nation	0	200	0	964	390	574	5031407-Universal Wasteland Expansion.mod
-start united heroes	-	0	200	0	962	950	12	5030457-Universal Wasteland Expansion.mod
Shop Guard /GENNAME/	Deadcat/Dune Renegades/Free Traders/Holy Nation Outlaws/Hook Raiders/Inhuman Hunters/Narko's Disciples/Slave Traders/Tech Traders/Trade Ninjas/Traders Guild/United Cities	0	200	0	960	600	360	1189-gamedata.base
Zak	Shek Kingdom	0	200	10000	960	300	660	5011528-Universal Wasteland Expansion.mod
Valamon	Reavers	0	200	50000	950	450	500	95756-__december17.mod
Blood Raider Wraith	Bloodraiders	0	200	10000	950	350	600	5009683-Universal Wasteland Expansion.mod
Shrieking Growler	Shrieking Bandits	0	200	0	942	730	212	1535247-ShriekingBandit_Expansion.mod
Shrieking Yelper	Shrieking Bandits	0	200	0	942	730	212	1535248-ShriekingBandit_Expansion.mod
Cerell the Basher	Berserkers	0	200	10000	940	500	440	2757496-Bounties Expanded.mod
Shrieking Babbler	Shrieking Bandits	0	200	0	912	700	212	1535245-ShriekingBandit_Expansion.mod
Shrieking Blabber	Shrieking Bandits	0	200	0	912	700	212	1535246-ShriekingBandit_Expansion.mod
Empire conscript	United Cities	0	200	0	900	300	600	1159-gamedata.base
Rhinobot	-	0	200	0	900	100	800	1533511-rebirth.mod
Mercenary /GENNAME/	Mercenary Guild	0	200	0	900	300	600	2757398-Skeletons Expanded.mod
Empire soldier	United Cities	0	200	0	896	200	696	1158-gamedata.base
Stone Rat Skeleton	Stone Rats	0	200	0	889	489	400	4999319-Minor Factions Expansion.mod
Guild Surgeon /GENNAME/	Shinobi Thieves	0	200	0	860	700	160	51750-rebirth.mod
Mercenary Heavy /GENNAME/	Mercenary Guild	0	200	0	860	200	660	2757400-Skeletons Expanded.mod
Moaning Samurai	Shrieking Bandits	0	200	0	860	260	600	1535213-ShriekingBandit_Expansion.mod
/GENNAME/	Drifters/Shinobi Thieves	0	200	0	825	625	200	14502-rebirth.mod
Temple Inquisitor	The Holy Nation	0	200	0	820	500	320	1219-gamedata.base
/GENNAME/ the Blooded	Reavers	0	200	0	820	400	420	65262-rebirth.mod
/GENNAME/ the Ironclad	Reavers	0	200	0	820	400	420	65265-rebirth.mod
/GENNAME/ the Steelclad	-	0	200	0	820	400	420	5071583-Universal Wasteland Expansion.mod
Surgeon /GENNAME/	-	0	200	0	800	600	200	14478-rebirth.mod
Empty-copy	-	0	200	0	800	300	500	5282-chareditor.mod
Doctor /GENNAME/	-	0	200	0	800	600	200	14468-rebirth.mod
Engineer /GENNAME/	-	0	200	0	800	600	200	5009654-Universal Wasteland Expansion.mod
Robotic Surgeon /GENNAME/	-	0	200	0	800	600	200	5009657-Universal Wasteland Expansion.mod
Isaac	-	0	200	0	800	650	150	5042206-Universal Wasteland Expansion.mod
Goat Herder	Nomads	0	200	0	780	700	80	4007-gamedata.base
Dust Bandit Bowman	Dust Bandits	0	200	1000	780	630	150	97247-rebirth.mod
/GENNAME/ the Neophyte	Reavers	0	200	0	770	350	420	95763-__december17.mod
Mauler /GENNAME/	Bloodraiders	0	200	3000	770	350	420	5036551-Universal Wasteland Expansion.mod
Darren	Hook Raiders	0	200	0	770	650	120	5042205-Universal Wasteland Expansion.mod
Blood Captain /GENNAME/	-	0	200	3000	770	350	420	5071551-Universal Wasteland Expansion.mod
Shrieking Ronin	Shrieking Bandits	0	200	0	762	550	212	1535249-ShriekingBandit_Expansion.mod
Slave Guard /GENNAME/	-	0	200	0	750	550	200	5250-gamedata.base
Scavenger	Scavengers	0	200	0	750	550	200	95752-rebirth.mod
Abraham	-	0	200	0	750	600	150	5017340-Universal Wasteland Expansion.mod
Ratish the Fixer	The Holy Nation	0	200	30000	750	350	400	2757484-Bounties Expanded.mod
Stan the Stalker	The Holy Nation	0	200	20000	750	350	400	2757490-Bounties Expanded.mod
Forgemaster /GENNAME/	Machinists	0	200	0	750	390	360	5031409-Universal Wasteland Expansion.mod
Heavy Thrall	-	0	200	0	740	140	600	1533504-rebirth.mod
Smash	Shek Kingdom	0	200	0	740	300	440	2758430-Lonely Recruits.mod
Heavy Skel	-	0	200	0	740	140	600	5039620-Universal Wasteland Expansion.mod
Heavy Thrall+	-	0	200	0	740	140	600	5039635-Universal Wasteland Expansion.mod
Outlaw Swordsman	Outlaw/Rebel Farmers	0	200	800	735	570	165	54300-rebirth.mod
-start deluged	-	0	200	4000	725	650	75	5000386-Bandits Expansion.mod
Shrieking Animal	Shrieking Bandits	0	200	0	722	510	212	1535251-ShriekingBandit_Expansion.mod
Displaced Peasant	Empire Peasants	0	200	0	720	640	80	1532886-__world reactions NE.mod
Skeleton Bounty Captain	Skeletons	0	200	5000	720	0	720	2758387-Minor Factions Expansion.mod
Shop Guard /GENNAME/	Skeleton Traders/Skeletons	0	200	0	720	0	720	5028650-Universal Wasteland Expansion.mod
Garp	Drifters	0	200	0	715	550	165	223-gamedata.base
Jasmina	-	0	200	0	712	700	12	5042371-Universal Wasteland Expansion.mod
Raider	-	0	200	0	700	550	150	1630-gamedata.base
Bodyguard	-	0	200	0	700	100	600	210-gamedata.base
Queen of the South	Southern Hive	0	200	30000	700	100	600	57334-Newwworld.mod
Prisoner	Outlaw	0	200	0	700	550	150	63454-__Tengu's vault.mod
Screamer the False	-	0	200	20000	700	100	600	96409-rebirth.mod
Agnu	Skeletons	0	200	0	700	100	600	97095-rebirth.mod
General Hat-12	Old Empire Police	0	200	0	700	100	600	1533668-rebirth.mod
General Screamer (The True)	-	0	200	0	700	100	600	1533876-rebirth.mod
Berj the Executioner	United Cities	0	200	30000	700	450	250	1533551-Bounties Expanded.mod
Daegal	-	0	200	0	700	550	150	5042207-Universal Wasteland Expansion.mod
-start bastard	-	0	200	4000	698	650	48	5000378-Bandits Expansion.mod
Gutterhead	-	0	200	10000	670	550	120	98227-__March 18.mod
-start swamp ruffian	-	0	200	4000	660	600	60	5000388-Bandits Expansion.mod
-start mongrel	-	0	200	2000	660	600	60	5033392-Universal Wasteland Expansion.mod
Storm Skel	The Reawakened	0	200	0	649	160	489	5039609-Universal Wasteland Expansion.mod
Stormthrall+	-	0	200	0	649	160	489	5039630-Universal Wasteland Expansion.mod
Raid Boss	-	0	200	0	640	200	440	1527-gamedata.base
Narko's Channeler	Narko's Disciples	0	200	0	640	560	80	2759116-Minor Factions Expansion.mod
Swantoon	Drifters	0	200	0	630	450	180	1358-gamedata.base
/GENNAME/	Drifters/Northern Hive/Southern Hive	0	200	0	625	550	75	1775-gamedata.base
Old Empire Police Captain	-	0	200	0	619	200	419	1533670-rebirth.mod
Boss /SKNAME/	Berserkers	0	200	4000	617	150	467	5071200-Universal Wasteland Expansion.mod
Berserker Captain /SKNAME/	Berserkers	0	200	4000	617	150	467	5071548-Universal Wasteland Expansion.mod
Slavemonger	Slave Hunters/Slave Traders	0	200	0	614	550	64	3106-gamedata.base
Dust Bandit	Drifters/Dust Bandits/Outlaw	0	200	1000	610	550	60	510-gamedata.base
Cheyenne	-	0	200	500	610	550	60	2758432-Lonely Recruits.mod
-start dust bandits	-	0	200	2500	610	550	60	5033390-Universal Wasteland Expansion.mod
Trader /GENNAME/	-	0	200	0	600	250	350	1036-gamedata.base
Elder	-	0	200	0	600	0	600	62807-rebirth.mod
Ponk	-	0	200	20000	600	100	500	96407-rebirth.mod
Head of Agriculture	-	0	200	0	600	100	500	1533509-rebirth.mod
-weapons template	-	0	200	0	600	0	600	5031191-Universal Wasteland Expansion.mod
Berserker	Berserkers	0	200	2500	590	150	440	42259-rebirth.mod
Karate Drifter	Drifters	0	200	0	590	590	0	96180-rebirth.mod
Stormthrall	-	0	200	0	580	160	420	1534015-rebirth.mod
Thrall	-	0	200	0	570	150	420	96411-rebirth.mod
Skel	-	0	200	0	570	150	420	5039621-Universal Wasteland Expansion.mod
Thrall+	-	0	200	0	570	150	420	5039651-Universal Wasteland Expansion.mod
Looter	Looters	0	200	0	570	570	0	5041868-Universal Wasteland Expansion.mod
Legion Skel	The Reawakened	0	200	0	559	140	419	5039611-Universal Wasteland Expansion.mod
Legion Thrall+	Skeleton Legion	0	200	0	559	140	419	5039634-Universal Wasteland Expansion.mod
/UCNAME/ the Kobura	-	0	200	0	551	551	0	2760606-Minor Factions Expansion.mod
/UCNAME/ the Kobura	-	0	200	0	551	551	0	5008818-Universal Wasteland Expansion.mod
/UCNAME/ the Kobura	-	0	200	0	551	551	0	5008819-Universal Wasteland Expansion.mod
Bodyguard adv	-	0	200	0	550	0	550	1046-gamedata.base
Mr Floppy	-	0	200	0	550	350	200	1791-gamedata.base
Master test	-	0	200	0	550	0	550	459-gamedata.base
Outpost Boss /UCNAME/	Free Traders	0	200	0	540	300	240	1198-gamedata.base
Peasant Farmer	Empire Peasants/United Cities	0	200	0	530	500	30	54296-rebirth.mod
Legion Scout	Skeleton Legion	0	200	0	530	110	420	95757-rebirth.mod
Legion Scout+	Skeleton Legion	0	200	0	530	110	420	5039645-Universal Wasteland Expansion.mod
Legion	Skeleton Legion	0	200	0	520	160	360	62775-rebirth.mod
Upgraded Watchbot	-	0	200	0	520	100	420	1533527-rebirth.mod
Legion+	Skeleton Legion	0	200	0	520	160	360	5039644-Universal Wasteland Expansion.mod
Police Bot	Old Empire Police	0	200	0	520	100	420	5039663-Universal Wasteland Expansion.mod
Upgraded Watchbot+	-	0	200	0	520	100	420	5039789-Universal Wasteland Expansion.mod
Old Empire Police Captain+	Old Empire Police	0	200	0	519	100	419	5039618-Universal Wasteland Expansion.mod
Slave Hunter	Slave Hunters	0	200	0	510	390	120	55103-rebirth.mod
Kobura King	-	0	200	0	501	501	0	4999220-Minor Factions Expansion.mod
/UCNAME/ the Kobura	-	0	200	0	501	501	0	5008825-Universal Wasteland Expansion.mod
Harbinger	-	0	200	0	500	100	400	1551-gamedata.base
Item trader	-	0	200	0	500	150	350	637-gamedata.base
CHARACTER	-	0	200	0	500	0	500	56157-rebirth.mod
Legion Thrall	Skeleton Legion	0	200	0	500	140	360	1533515-rebirth.mod
Trader /HNNAME/	-	0	200	0	500	500	0	5065077-Universal Wasteland Expansion.mod
Boss /CANNAME/	Skin Bandits	0	200	0	500	200	300	5071217-Universal Wasteland Expansion.mod
Captain /CANNAME/	-	0	200	0	500	200	300	5071592-Universal Wasteland Expansion.mod
Skeleton Doctor	Skeleton Traders	0	200	0	490	250	240	64666-rebirth.mod
Starving Vagrant	Empire Peasants/Starving Vagrants	0	200	0	485	425	60	96155-rebirth.mod
Vagrant Leader /GENNAME/	Starving Vagrants	0	200	0	485	425	60	5061895-Universal Wasteland Expansion.mod
Weak Thrall	Second Empire/Thrall Masters	0	200	0	480	60	420	96399-rebirth.mod
Mercenary Ranged /GENNAME/	Mercenary Guild	0	200	0	480	300	180	2757402-Skeletons Expanded.mod
Weak Skel	The Reawakened	0	200	0	480	60	420	5039625-Universal Wasteland Expansion.mod
Weak Thrall+	Third Empire/Thrall Masters	0	200	0	480	60	420	5039652-Universal Wasteland Expansion.mod
Soldierbot Guard	-	0	200	0	460	100	360	95776-rebirth.mod
-start bloodraiders	-	0	200	1300	455	350	105	5036550-Universal Wasteland Expansion.mod
Trader /GENNAME/	Tech Traders	0	200	0	450	450	0	2244-gamedata.base
Construction Trader /UCNAME/	Tech Traders	0	200	0	450	450	0	1501-gamedata.base
Construction Trader /HNNAME/	-	0	200	0	450	450	0	2243-gamedata.base
Baker /GENNAME/	-	0	200	0	450	450	0	56138-rebirth.mod
Sniperbot	Old Machines	0	200	0	450	100	350	95756-rebirth.mod
No-Face	-	0	200	15000	450	150	300	98554-rebirth.mod
Watchbot	-	0	200	0	450	100	350	1532818-rebirth.mod
George	Drifters	0	200	0	450	450	0	2757527-Lonely Recruits.mod
Karen	-	0	200	0	450	450	0	2757525-Lonely Recruits.mod
/GENNAME/ the Whelp	Reavers	0	200	0	430	150	280	65263-rebirth.mod
Reaver Slave	Vagrants	0	200	0	430	150	280	95762-__december17.mod
Sebastian	Western Hive	0	200	0	430	150	280	2758435-Lonely Recruits.mod
start reaver slave	-	0	200	0	430	150	280	5065058-Universal Wasteland Expansion.mod
Armour King's Thrall	-	0	200	0	420	0	420	95998-rebirth.mod
Hungry Bandit	Drifters/No Faction/Starving Bandits	0	200	0	400	250	150	1304-gamedata.base
Trader /SKNAME/	-	0	200	0	400	400	0	97621-Spanish swaps.mod
Screamer Unit	Skeleton Legion	0	200	0	400	160	240	1533513-rebirth.mod
Sensei /UCNAME/	-	0	200	0	400	400	0	5008822-Universal Wasteland Expansion.mod
Screamer Unit+	-	0	200	0	400	160	240	5039616-Universal Wasteland Expansion.mod
Master /UCNAME/	-	0	200	0	400	400	0	5071578-Universal Wasteland Expansion.mod
Peace	Drifters	0	200	0	381	201	180	226-gamedata.base
|| ErrorCode 0x000000 ||	Old Machines	0	200	0	380	100	280	95514-rebirth.mod
Bandit Leader /GENNAME/	Starving Bandits	0	200	0	374	350	24	1303-gamedata.base
-start skeleton	-	0	200	2500	360	0	360	5000270-Minor Factions Expansion.mod
-start third empire	-	0	200	0	360	0	360	5039909-Universal Wasteland Expansion.mod
-start reawakening	-	0	200	0	360	0	360	5039910-Universal Wasteland Expansion.mod
Burn	-	0	200	0	355	250	105	50570-rebirth.mod
Old Man Fisher	-	200	200	0	300	300	0	2830-gamedata.base
Shrieking Foot Bandit	Shrieking Bandits	0	200	0	300	300	0	1535226-ShriekingBandit_Expansion.mod
refugee 3	-	0	200	0	280	250	30	95771-rebirth.mod
refugee 1	-	0	200	0	262	250	12	95769-rebirth.mod
|| Error Code 0xFFFFFF ||	Broken Ones	0	200	0	260	100	160	64922-rebirth.mod
-start Reavers	-	0	200	0	255	150	105	5030448-Universal Wasteland Expansion.mod
Kumo	Drifters/Nameless	0	200	0	251	251	0	46977-rebirth.mod
Miner	-	0	200	0	250	250	0	1205-gamedata.base
refugee 2	-	0	200	0	250	250	0	95770-rebirth.mod
Trader /GENNAME/	Free Traders/Trade Ninjas/Traders Guild	0	200	0	200	200	0	1038-gamedata.base
Barman	Deadcat/Slave Traders/Trade Ninjas	0	200	0	200	200	0	1187-gamedata.base
Spider Foreman	-	0	200	0	200	0	200	64856-rebirth.mod
Barman /GENNAME/	Trade Ninjas	0	200	0	200	200	0	95555-Mourn.mod
Mourn Barman	-	0	200	0	200	200	0	95551-Mourn.mod
Sunida	-	0	200	0	200	200	0	5017020-Universal Wasteland Expansion.mod
Barman /GENNAME/ (allies)	Trade Ninjas	0	200	0	200	200	0	5061547-Universal Wasteland Expansion.mod
Trader /HNNAME/	-	0	200	0	200	200	0	5065027-Universal Wasteland Expansion.mod
Ransen	Northern Hive	0	200	0	190	100	90	5042210-Universal Wasteland Expansion.mod
-start scorched	-	0	200	0	135	90	45	5000380-Bandits Expansion.mod
Scorched One recruit	Skeletons	0	200	500	116	20	96	2759605-Bandits Expansion.mod
Skinner	Skeletons	0	200	0	116	20	96	2759653-Bandits Expansion.mod
Recruitment guy	-	0	200	0	100	100	0	1039-gamedata.base
Beep	Drifters	0	200	0	100	100	0	57390-rebirth.mod
Sir Shootalot	-	0	200	0	100	100	0	95541-rebirth.mod
Sir Shootabit	-	0	200	0	100	100	0	95543-rebirth.mod
start slave UC	-	0	200	0	100	100	0	1535038-rebirth.mod
Cyber Beep	Drifters	0	200	0	100	100	0	5022217-Universal Wasteland Expansion.mod
Bop	Midland Hive	0	200	0	100	100	0	5042209-Universal Wasteland Expansion.mod
/GENNAME/	Drifters	0	200	0	75	0	75	2757393-Skeletons Expanded.mod
/GENNAME/	Drifters	0	200	0	75	0	75	2757404-Skeletons Expanded.mod
/GENNAME/	Drifters	0	200	0	75	0	75	2757394-Skeletons Expanded.mod
/GENNAME/	Drifters	0	200	0	75	0	75	2757405-Skeletons Expanded.mod
initialisationcharacter	-	0	200	0	0	0	0	151-gamedata.quack
initialisationcharacterF	-	0	200	0	0	0	0	152-gamedata.quack
Civilian A	-	0	200	0	0	0	0	450-gamedata.base
Warden	-	0	200	0	0	0	0	219-gamedata.base
Civilian D	-	0	200	0	0	0	0	453-gamedata.base
Trade goods simple	-	0	200	0	0	0	0	470-gamedata.base
Trade goods illegal	-	0	200	0	0	0	0	1388-gamedata.base
Generic helper NPC 4613	-	0	200	0	0	0	0	147-gamedata.quack
Warden the 2nd	-	0	200	0	0	0	0	248-gamedata.base
Empty	-	0	200	0	0	0	0	5210-chareditor.mod
Civilian C	-	0	200	0	0	0	0	452-gamedata.base
Civilian B	-	0	200	0	0	0	0	451-gamedata.base
Gurgler	Fishmen	0	200	0	0	0	0	55636-Newwworld.mod
test1	-	0	200	0	0	0	0	20083-Dialogue.mod
Test3	-	0	200	0	0	0	0	53361-Dialogue.mod
CHARACTER	-	0	200	0	0	0	0	55639-rebirth.mod
CHARACTER	-	0	200	0	0	0	0	56045-rebirth.mod
CHARACTER	-	0	200	0	0	0	0	56116-rebirth.mod
CHARACTER---	-	0	200	0	0	0	0	56161-rebirth.mod
CHARACTER	-	0	200	0	0	0	0	62185-rebirth.mod
CHARACTER	-	0	200	0	0	0	0	64489-rebirth.mod
CHARACTER	-	0	200	0	0	0	0	95762-rebirth.mod
CHARACTER	-	0	200	0	0	0	0	96413-rebirth.mod
Alpha Gurgler /FISNAME/	Fishmen	0	200	0	0	0	0	97659-rebirth.mod
start slave	-	0	200	0	0	0	0	1532936-rebirth.mod
Alpha Gurgler /FISNAME/	Fishmen	0	200	0	0	0	0	2759724-Minor Factions Expansion.mod
Gurgler	Fishmen	0	200	0	0	0	0	2759723-Minor Factions Expansion.mod
Glurgh	Swampers	0	200	0	0	0	0	2758392-Lonely Recruits.mod
Elder /FISNAME/	-	0	200	0	0	0	0	5066065-Universal Wasteland Expansion.mod
Elder /FISNAME/	-	0	200	0	0	0	0	5066066-Universal Wasteland Expansion.mod
Gurgler Captain /FISNAME/	-	0	200	0	0	0	0	5071566-Universal Wasteland Expansion.mod
Gurgler Captain /FISNAME/	-	0	200	0	0	0	0	5071567-Universal Wasteland Expansion.mod
Escaped Servant	Holy Nation Outlaws	0	100	0	655	550	105	42020-rebirth.mod
Harenga the Loud	Holy Nation Outlaws	0	10	5000	21350	20850	500	2757458-The Hub Re-Established.mod
Marsha the Unmoved	Holy Nation Outlaws	0	10	10000	21000	20700	300	5011237-Universal Wasteland Expansion.mod
Apothecary /GENNAME/	Highlanders	0	10	0	8082	8070	12	2758707-Minor Factions Expansion.mod
Captain /HNNAME/	Drifters/Holy Nation Outlaws	0	10	2000	6184	5784	400	1531902-The Hub Re-Established.mod
Captain /HNNAME/	Holy Nation Outlaws	0	10	3500	6184	5784	400	5062219-Universal Wasteland Expansion.mod
Major /HNNAME/	Holy Nation Outlaws	0	10	2000	6184	5784	400	5071574-Universal Wasteland Expansion.mod
Apothecary /HNNAME/	Holy Nation Outlaws	0	10	1000	6027	6015	12	2758705-Minor Factions Expansion.mod
Apothecary /HNNAME/	-	0	10	1000	6027	6015	12	5053906-Universal Wasteland Expansion.mod
Marissa the Rebel	Holy Nation Outlaws	0	10	10000	5750	5390	360	2757626-The Hub Re-Established.mod
-start Holy Nation Outlaws	-	0	10	1000	5654	5642	12	5030165-Universal Wasteland Expansion.mod
HNO Lost Person	Drifters/Empire Peasants/Holy Nation Outlaws	0	10	750	5634	5622	12	1531910-The Hub Re-Established.mod
Crow Face	-	10	10	0	2710	2560	150	51008-Newwworld.mod
Lost Person	No Faction	0	10	0	653	641	12	3329-gamedata.base
Wanderer copy	-	0	0	0	53740	53590	150	43985-rebirth.mod
Empire Noble Guard /UCNAME/	United Cities	0	0	8000	42500	41900	600	43620-Dialogue.mod
Emperor Tengu	United Cities	0	0	100000	22400	21400	1000	51751-Dialogue.mod
Wanderer maxxed copy	-	0	0	0	21400	20300	1100	5058669-Universal Wasteland Expansion.mod
Samurai Rogue /UCNAME/	United Cities	0	0	0	18327	17631	696	1533150-__world reactions NE.mod
Gate Guard /UCNAME/	United Cities	0	0	4500	16722	16002	720	52324-rebirth.mod
Gate Guard /UCNAME/	-	0	0	4500	16200	15480	720	5035371-Universal Wasteland Expansion.mod
Holy Rebel /HNNAME/	Holy Nation Outlaws	0	0	2750	15446	15296	150	5010787-Universal Wasteland Expansion.mod
-start HOC	-	0	0	0	13732	13012	720	5031778-Universal Wasteland Expansion.mod
Lord Inaba	-	0	0	20000	13700	13700	0	51712-Dialogue.mod
Wanderer maxxed copy copy	-	0	0	0	13700	12600	1100	5059794-Universal Wasteland Expansion.mod
Noble Guardian /UCNAME/	United Cities	0	0	10000	13639	12800	839	2759540-UC Heightened.mod
Hatamoto of the Shogunate	The Dominion	0	0	0	13499	12800	699	5035378-Universal Wasteland Expansion.mod
Guardian of the Empire	United Cities	0	0	0	13099	12400	699	2759538-UC Heightened.mod
Dimak	-	0	0	0	12920	12700	220	56888-Dialogue.mod
White Eyebrow	White Eyebrow Clan	0	0	40000	12850	12500	350	56731-Dialogue.mod
Wanderer maxxed MA	-	0	0	0	12650	12650	0	5039006-Universal Wasteland Expansion.mod
Wanderer maxxed MA 75	-	0	0	0	12650	12650	0	5042172-Universal Wasteland Expansion.mod
Wanderer maxxed copy	-	0	0	0	9660	8500	1160	5042165-Universal Wasteland Expansion.mod
Gate Sergeant /UCNAME/	United Cities	0	0	5500	9620	8900	720	52328-rebirth.mod
Bounty Captain /UCNAME/	-	0	0	6000	9620	8900	720	5054313-Universal Wasteland Expansion.mod
Gate Sergeant /UCNAME/	-	0	0	5500	9520	8800	720	5035372-Universal Wasteland Expansion.mod
Esata the Stone Golem	Shek Kingdom	0	0	0	9400	8300	1100	43159-Dialogue.mod
Royal Praetorian /GENNAME/	Southern Hive	0	0	0	9150	8600	550	1535204-Hiver_Expansion.mod
Royal Praetorian /GENNAME/	Northern Hive	0	0	0	9150	8600	550	5032405-Universal Wasteland Expansion.mod
Royal Praetorian /GENNAME/	Midland Hive	0	0	0	9100	9100	0	5067909-Universal Wasteland Expansion.mod
Wanderer 50 -test	-	0	0	0	9050	8450	600	5037657-Universal Wasteland Expansion.mod
Immortal King	-	0	0	0	9000	8400	600	46016-Dialogue.mod
Buzan	-	0	0	0	8920	8700	220	56887-Dialogue.mod
Royal Praetorian /GENNAME/	Western Hive	0	0	0	8900	8600	300	1535270-Hiver_Expansion.mod
Royal Praetorian /GENNAME/	Midland Hive	0	0	0	8900	8600	300	5032404-Universal Wasteland Expansion.mod
Praetorian Executioner Tsep	Southern Hive	0	0	0	8850	8300	550	1535212-Hiver_Expansion.mod
Royal Praetorian /GENNAME/	Mechanical Hive	0	0	0	8795	8300	495	5032406-Universal Wasteland Expansion.mod
Vault Warden /UCNAME/	-	0	0	0	8700	8300	400	62855-rebirth.mod
Wanderer 75 -test	-	0	0	0	8650	8650	0	5060739-Universal Wasteland Expansion.mod
Droneguard Captain Yanshi	Southern Hive	0	0	0	8500	8200	300	1535210-Hiver_Expansion.mod
Shocktrooper /GENNAME/	Southern Hive	0	0	0	8500	8200	300	1535217-Hiver_Expansion.mod
Apothecary /UCNAME/	United Cities	0	0	4000	8495	7799	696	5054290-Universal Wasteland Expansion.mod
start - Dom	-	0	0	0	8484	7788	696	5035910-Universal Wasteland Expansion.mod
Droneguard /GENNAME/	Southern Hive	0	0	0	8360	8200	160	1535201-Hiver_Expansion.mod
Exile hiver	-	0	0	0	8000	8000	0	2758607-Hiver Expansion.mod
Outlaw Watch /HNNAME/	Holy Nation Outlaws	0	0	1000	7067	6947	120	2758696-Minor Factions Expansion.mod
Adventurer with skill	-	0	0	0	6860	6460	400	5214-gamedata.base
Big Fang	-	0	0	0	5300	5300	0	48740-Dialogue.mod
Ex-Servant	Holy Nation Outlaws	0	0	0	5060	4710	350	42061-rebirth.mod
Bandit /GENNAME/	Midland Hive	0	0	0	4850	4850	0	5067901-Universal Wasteland Expansion.mod
/GENNAME/	Tech Hunters	0	0	0	4640	4140	500	55227-Dialogue.mod
Bandit /GENNAME/	Western Hive	0	0	0	4590	4350	240	1531887-rebirth.mod
Bandit /GENNAME/	Midland Hive	0	0	0	4590	4350	240	2757607-Midland Hivers.mod
Bandit /GENNAME/	Northern Hive	0	0	0	4590	4350	240	1531923-Northern Hivers.mod
Bandit /GENNAME/	Mechanical Hive	0	0	0	4590	4350	240	5022323-Universal Wasteland Expansion.mod
Bandit Leader /HIVNAME/	Western Hive	0	0	0	4550	4350	200	1531886-rebirth.mod
Bandit Leader /HIVNAME/	Midland Hive	0	0	0	4550	4350	200	2757606-Midland Hivers.mod
Bandit Leader /HIVNAME/	Northern Hive	0	0	0	4550	4350	200	1531922-Northern Hivers.mod
Bandit Leader /HIVNAME/	Mechanical Hive	0	0	0	4550	4350	200	5022322-Universal Wasteland Expansion.mod
Savant	Skin Bandits	0	0	80000	4500	3300	1200	62981-Dialogue.mod
Cannibal Grand Wizard	Cannibals	0	0	80000	4075	3375	700	50519-rebirth.mod
Meat Lord	Cannibals	0	0	60000	4069	3300	769	64911-rebirth.mod
Lady Kana	Slave Traders/Traders Guild	0	0	20000	4000	3500	500	51708-Dialogue.mod
Disgraced -start (HN)	-	0	0	0	3974	3500	474	5061815-Universal Wasteland Expansion.mod
Disgraced -start (UC)	-	0	0	0	3896	3200	696	5061812-Universal Wasteland Expansion.mod
Sand Ninja Oni	-	0	0	0	3850	3850	0	51676-Dialogue.mod
Citizen	-	0	0	0	3800	3200	600	96139-rebirth.mod
Mighty Canhead	Cannibals	0	0	60000	3789	3300	489	62184-rebirth.mod
Inhuman Tracker start	-	0	0	1500	3760	3700	60	5000264-Minor Factions Expansion.mod
Flesh Wizard	Cannibals	0	0	20000	3719	3300	419	5037212-Universal Wasteland Expansion.mod
Disgraced -start (SK)	-	0	0	0	3667	3200	467	5061817-Universal Wasteland Expansion.mod
Cannibal Chief /CANNAME/	Cannibals	0	0	5000	3650	3300	350	50518-rebirth.mod
Cannibal Captain /CANNAME/	Cannibals	0	0	5000	3650	3300	350	5071554-Universal Wasteland Expansion.mod
Cannibal Captain /CANNAME/	Cannibals	0	0	5000	3650	3300	350	5071555-Universal Wasteland Expansion.mod
survivor dead	-	0	0	0	3600	3200	400	1993-gamedata.base
survivor 2	-	0	0	0	3600	3200	400	1992-gamedata.base
survivor 1	-	0	0	0	3600	3200	400	1991-gamedata.base
Old Soldier	-	0	0	20000	3600	3200	400	1988-gamedata.base
Cannibal Chief /CANNAME/	Cannibals	0	0	5000	3580	3300	280	5034045-Universal Wasteland Expansion.mod
Sinew Lord	Cannibals	0	0	20000	3523	3300	223	5037213-Universal Wasteland Expansion.mod
Cannibal Chief /CANNAME/	Cannibals	0	0	5000	3305	3300	5	5033874-Universal Wasteland Expansion.mod
start- bounty hunter	-	0	0	0	3302	3290	12	5000261-Minor Factions Expansion.mod
-start Deadcat	-	0	0	0	3275	3200	75	5030156-Universal Wasteland Expansion.mod
Worlds end bar patron	-	0	0	0	3160	2580	580	50885-Dialogue.mod
Worlds end bar patron arrogant	-	0	0	0	3160	2580	580	50888-Dialogue.mod
Armoury Droneguard /GENNAME/	Southern Hive	0	0	0	3099	2400	699	62784-rebirth.mod
Slave Hunter Patron	Drifters	0	0	0	2940	2360	580	55089-Dialogue.mod
Elite Droneguard /GENNAME/	Southern Hive	0	0	0	2900	2300	600	62764-rebirth.mod
-start Hook Raider	-	0	0	1000	2750	2600	150	5000266-Minor Factions Expansion.mod
Droneguard /GENNAME/	Southern Hive	0	0	0	2664	2200	464	62190-rebirth.mod
Armoury Droneguard /GENNAME/	Southern Hive	0	0	0	2650	2400	250	5025043-Universal Wasteland Expansion.mod
Elite Droneguard /GENNAME/	Southern Hive	0	0	0	2600	2300	300	5025044-Universal Wasteland Expansion.mod
Geronimo	Drifters	0	0	0	2550	2150	400	2758434-Lonely Recruits.mod
Droneguard /GENNAME/	Southern Hive	0	0	0	2500	2200	300	5025046-Universal Wasteland Expansion.mod
Holy Servant	Holy Nation Outlaws/The Holy Nation	0	0	600	2454	2075	379	2758978-HN Ascended.mod
Traveller	Drifters	0	0	0	2300	2300	0	62657-Dialogue.mod
Big Grim	Hounds	0	0	0	2100	2100	0	48447-Dialogue.mod
Holy Servant	Holy Nation Outlaws/The Holy Nation	0	0	600	2097	1717	379	2758976-HN Ascended.mod
Crumblejon	Drifters	0	0	0	2090	1650	440	2733-gamedata.base
/GENNAME/	Outlaw	0	0	0	1700	1100	600	16238-Dialogue.mod
The Red Bandit	-	0	0	0	1638	1238	400	56889-Dialogue.mod
Empire Bounty Hunter	-	0	0	0	1633	1133	500	10777-Dialogue (10).mod
Mother of the Mist	Mist Creatures	0	0	0	1600	0	1600	1535432-Mist Ghouls.mod
Narko Citizen start	-	0	0	0	1524	1500	24	5000254-Minor Factions Expansion.mod
Barman /SKNAME/	-	0	0	0	1500	1500	0	51615-Dialogue.mod
Barman /SKNAME/	-	0	0	0	1500	1500	0	51619-Dialogue.mod
Protector Of The Flame	The Holy Nation	0	0	50000	1466	800	666	64622-Dialogue.mod
Barman /GENNAME/	-	0	0	0	1360	1000	360	55816-Dialogue.mod
Dack	-	0	0	0	1350	1000	350	55818-Dialogue.mod
Big Gray	Grayflayers	0	0	0	1300	300	1000	48718-Dialogue.mod
Royal Drone /GENNAME/	Midland Hive	0	0	0	1300	1300	0	5067907-Universal Wasteland Expansion.mod
High Inquisitor Seta	The Holy Nation	0	0	0	1280	800	480	59164-Dialogue.mod
High Inquisitor Valtena	The Holy Nation	0	0	0	1259	800	459	59165-Dialogue.mod
Wanderer maxxed	-	0	0	1000	1200	0	1200	2759345-Hiver Expansion.mod
Worlds end bar patron shek	-	0	0	0	1160	580	580	50886-Dialogue.mod
Queen of the West	Western Hive	0	0	30000	1160	0	1160	96351-Dialogue.mod
/HNNAME/	Flotsam Ninjas	0	0	0	1150	650	500	50314-Dialogue.mod
Big Darkbrow	Blackshifters	0	0	0	1100	1100	0	48739-Dialogue.mod
Lord Yoshinaga	-	0	0	20000	1100	1100	0	51711-Dialogue.mod
Tinfist	-	0	0	0	1100	1100	0	59030-Dialogue.mod
Royal Drone /GENNAME/	Western Hive	0	0	0	1100	800	300	96333-Dialogue.mod
Royal Drone /GENNAME/	Midland Hive	0	0	0	1100	800	300	2759073-Hiver Expansion.mod
Royal Drone /GENNAME/	Northern Hive	0	0	0	1100	800	300	2759078-Hiver Expansion.mod
Wandering trader	-	0	0	0	1050	550	500	1995-gamedata.base
Tora The Fearless	-	0	0	0	1050	1050	0	98164-Dialogue.mod
Serjyn /CANNAME/	Cannibals/The Sturmijaz	0	0	1000	1015	840	175	5066040-Universal Wasteland Expansion.mod
Eyegore	-	0	0	0	1000	0	1000	56576-Dialogue.mod
Wanderer	-	0	0	0	974	950	24	1533662-rebirth.mod
Wanderer fast	-	0	0	0	974	950	24	5009901-Universal Wasteland Expansion.mod
Wanderer -test 25	-	0	0	0	974	950	24	5037666-Universal Wasteland Expansion.mod
Shade	-	0	0	0	949	250	699	63884-Dialogue.mod
Riddly	Drifters	0	0	0	940	440	500	10508-Dialogue (7).mod
Shop Guard /HNNAME/	The Holy Nation	0	0	0	940	500	440	43357-Dialogue.mod
/UCNAME/	Empire Peasants/Rebel Farmers/United Cities	0	0	0	940	540	400	51648-Dialogue.mod
UC start	-	0	0	0	924	900	24	1533661-rebirth.mod
Lord Commander Epson	-	0	0	0	900	400	500	2792-gamedata.base
Elite Hunter	-	0	0	0	899	200	699	61005-Dialogue.mod
Seto	-	0	0	20000	877	300	577	57412-Dialogue.mod
Exile	-	0	0	0	850	850	0	136-gamedata.quack
-start Dune Renegades	-	0	0	1000	850	700	150	5000355-Minor Factions Expansion.mod
Cannibal Tenderizer /CANNAME/	Cannibals	0	0	3500	850	300	550	1535308-Cannibal_Expansion.mod
Bayan	-	0	0	0	843	350	493	43176-Dialogue.mod
start- Kral's Chosen	-	0	0	1250	824	800	24	5031747-Universal Wasteland Expansion.mod
Longen	Traders Guild	0	0	30000	800	300	500	56365-Dialogue.mod
Shek Pacifier /SKNAME/	-	0	0	0	800	200	600	58280-Dialogue.mod
Cannibal	Cannibals	0	0	1000	720	440	280	5034043-Universal Wasteland Expansion.mod
High Servant /HNNAME/	-	0	0	0	705	600	105	43904-rebirth.mod
Bounty Hunter /SKNAME/	-	0	0	0	700	120	580	18400-Dialogue.mod
Stubs Momuso	Swampers	0	0	0	700	100	600	15253-Dialogue.mod
The Preacher	-	0	0	0	700	0	700	56824-Dialogue.mod
Royal Drone /GENNAME/	Mechanical Hive	0	0	0	700	400	300	5022313-Universal Wasteland Expansion.mod
Holy Citizen start	-	0	0	0	674	650	24	1534418-rebirth.mod
Holy Nation robot	-	0	0	0	652	472	180	43484-Dialogue.mod
Cannibal Punisher /CANNAME/	Cannibals	0	0	3500	650	300	350	1535310-Cannibal_Expansion.mod
Cannibal	Cannibals	0	0	1000	615	440	175	2604-gamedata.base
Skin Bandit	Skin Bandits	0	0	0	600	300	300	47664-Dialogue.mod
/HNNAME/	-	0	0	0	600	0	600	41179-Dialogue.mod
/UCNAME/	Drifters	0	0	0	600	0	600	41348-Dialogue.mod
Mongrel outlaw fog warning	-	0	0	0	600	0	600	47648-Dialogue.mod
/GENNAME/	Drifters/The Cold Bloods	0	0	0	600	0	600	15258-Dialogue.mod
/GENNAME/	Drifters/The Cold Bloods	0	0	0	600	0	600	15256-Dialogue.mod
Griffin	-	0	0	0	600	0	600	19643-Dialogue.mod
/GENNAME/	-	0	0	0	600	0	600	50565-Dialogue.mod
/SKNAME/	Drifters	0	0	0	600	0	600	19612-Dialogue.mod
/HNNAME/	-	0	0	0	600	0	600	42237-Dialogue.mod
/GENNAME/	Drifters/The Cold Bloods	0	0	0	600	0	600	41297-Dialogue.mod
/HIVNAME/	Drifters	0	0	0	600	0	600	55932-Dialogue.mod
Bar bounty hunter	Drifters	0	0	0	600	0	600	10526-Dialogue (10).mod
/GENNAME/	Drifters	0	0	0	600	0	600	58089-Dialogue.mod
/GENNAME/	Drifters/The Cold Bloods	0	0	0	600	0	600	15257-Dialogue.mod
Mongrel crazy	-	0	0	0	600	0	600	47366-Dialogue.mod
Bard	Drifters	0	0	0	600	0	600	41325-Dialogue.mod
Swamper Casino Dealer	Blackshifters	0	0	0	600	600	0	49317-Dialogue.mod
/HNNAME/	-	0	0	0	600	0	600	19642-Dialogue.mod
/HNNAME/	-	0	0	0	600	0	600	41180-Dialogue.mod
/GENNAME/	The Cold Bloods	0	0	0	600	0	600	41198-Dialogue.mod
/HNNAME/	-	0	0	0	600	0	600	19640-Dialogue.mod
/GENNAME/	-	0	0	0	600	0	600	50564-Dialogue.mod
/HIVNAME/	Drifters	0	0	0	600	0	600	55934-Dialogue.mod
Jaegar	Anti-Slavers	0	0	0	600	0	600	56890-Dialogue.mod
Cannibal Hunter Robun	Cannibal Hunters	0	0	0	600	0	600	65861-Dialogue.mod
Lumi	Drifters	0	0	0	600	0	600	65937-Dialogue.mod
King Gurgler	-	0	0	0	600	0	600	96407-Dialogue.mod
/UCNAME/	Drifters	0	0	0	600	0	600	12702-Dialogue (11) (2).mod
/UCNAME/	Drifters	0	0	0	600	0	600	13243-Escapes.mod
Territorial Thug	Stone Rats	0	0	0	600	0	600	10521-Dialogue (10).mod
/GENNAME/	Drifters	0	0	0	600	0	600	41299-Dialogue.mod
/UCNAME/	Drifters	0	0	0	600	0	600	41298-Dialogue.mod
/UCNAME/	Drifters	0	0	0	600	0	600	41237-Dialogue.mod
Cannibal Mancatcher /CANNAME/	Cannibals	0	0	3500	600	300	300	1535312-Cannibal_Expansion.mod
Catun Scrapmaster	United Cities	0	0	0	580	0	580	53242-Dialogue.mod
Bounty Hunter Low	-	0	0	0	580	0	580	18474-Dialogue.mod
start- Bele'coz	-	0	0	1250	524	500	24	5000273-Minor Factions Expansion.mod
Mist Guardian	Mist Creatures	0	0	0	520	100	420	1536226-Mist Ghouls.mod
Hangover	Drifters	0	0	0	511	351	160	5426-gamedata.base
Soman	-	0	0	0	500	100	400	50464-Dialogue.mod
Hamut	Drifters/Swampers	0	0	0	500	500	0	10520-Dialogue (10).mod
Boot Trader /HNNAME/	-	0	0	0	500	0	500	43354-Dialogue.mod
/SKNAME/	Drifters	0	0	0	500	0	500	19507-Dialogue.mod
Clothing Trader /HNNAME/	-	0	0	0	500	0	500	43399-Dialogue.mod
Canyonlands Killer	Grayflayers	0	0	0	500	500	0	56825-Dialogue.mod
Ani	-	0	0	0	500	500	0	5339-Dialogue.mod
Savage Hiver Prince	Savage Hive	0	0	0	475	315	160	2759721-Hiver Expansion.mod
Drone Elite Gunner	Southern Hive	0	0	0	460	300	160	1535216-Hiver_Expansion.mod
Drone Gunner	Southern Hive	0	0	0	460	300	160	1535203-Hiver_Expansion.mod
Gunner Captain Qian	Southern Hive	0	0	0	460	300	160	1535208-Hiver_Expansion.mod
Black Dog Bodyguard	Black Dog	0	0	0	450	200	250	56640-Dialogue.mod
start- manhunter	-	0	0	0	448	400	48	5030444-Universal Wasteland Expansion.mod
Cannibal	Cannibals	0	0	1000	445	440	5	5033873-Universal Wasteland Expansion.mod
Savage Hiver	Savage Hive	0	0	0	433	273	160	2759720-Hiver Expansion.mod
Flying Bull	-	0	0	0	400	400	0	56727-Dialogue.mod
Crab Man	-	0	0	0	400	50	350	65952-Dialogue.mod
Savage Hiver Heavy	Savage Hive	0	0	0	395	315	80	2759718-Hiver Expansion.mod
/HIVNAME/	Drifters/Northern Hive/Southern Hive/Western Hive	0	0	0	390	150	240	1531904-Hiver Bars.mod
Scrawny Cannibal	Cannibals	0	0	500	365	260	105	50517-rebirth.mod
Scrawny Cannibal	Cannibals	0	0	500	365	260	105	5034044-Universal Wasteland Expansion.mod
Moon Guardian /GENNAME/	Preacher Cult	0	0	0	350	0	350	97077-Dialogue.mod
Slaver Pacifier /GENNAME/	-	0	0	0	350	0	350	65061-Dialogue.mod
Mist Horror	Mist Creatures	0	0	0	350	0	350	1535417-Mist Ghouls.mod
-start Shek Kingdom	-	0	0	0	302	302	0	5032355-Universal Wasteland Expansion.mod
Ghost	Berserkers	0	0	10000	301	301	0	56730-Dialogue.mod
Bar Thug Drunk	Bar Thugs	0	0	0	300	0	300	45491-Dialogue.mod
Big Al	-	0	0	0	300	300	0	48738-Dialogue.mod
/UCNAME/	Drifters/The Cold Bloods	0	0	0	300	300	0	41370-Dialogue.mod
Koin	United Cities	0	0	0	300	300	0	58879-Dialogue.mod
Drone	Southern Hive	0	0	0	280	0	280	62188-rebirth.mod
Scrawny Cannibal	Cannibals	0	0	500	264	260	4	5033875-Universal Wasteland Expansion.mod
Finch	Machinists	0	0	0	250	250	0	50919-Dialogue.mod
Mist Fiend	Mist Creatures	0	0	0	250	0	250	1535110-Mist Ghouls.mod
Mist Ghoul	Mist Creatures	0	0	0	250	0	250	1535102-Mist Ghouls.mod
Fog Bone Merchant	Fogmen	0	0	0	250	100	150	5033845-Universal Wasteland Expansion.mod
Fog Shaman /CANNAME/	Fogmen	0	0	0	250	100	150	5066063-Universal Wasteland Expansion.mod
Fog Praetorian /CANNAME/	Fogmen	0	0	3500	245	45	200	1535253-Hiver_Expansion.mod
Fog Praetorian Glerb	Fogmen	0	0	3500	245	45	200	5036142-Universal Wasteland Expansion.mod
Fog Praetorian /CANNAME/	Fogmen	0	0	3500	245	45	200	5063647-Universal Wasteland Expansion.mod
Fogman	Fogmen	0	0	500	243	213	30	41587-rebirth.mod
Fogman ^	Fogmen	0	0	500	224	194	30	5026865-Universal Wasteland Expansion.mod
Fog Prince /CANNAME/	Fogmen	0	0	2000	215	65	150	42028-rebirth.mod
Fog Prince /CANNAME/ ^	Fogmen	0	0	2000	215	65	150	5026873-Universal Wasteland Expansion.mod
Fog Prince /CANNAME/ ^^	Fogmen	0	0	2000	215	65	150	5026874-Universal Wasteland Expansion.mod
Fog Prince /CANNAME/ ^^^	Fogmen	0	0	2000	215	65	150	5026875-Universal Wasteland Expansion.mod
Fog Prince /CANNAME/ ^^^^	Fogmen	0	0	2000	215	65	150	5026876-Universal Wasteland Expansion.mod
Fog King	Fogmen	0	0	40000	215	65	150	5027030-Universal Wasteland Expansion.mod
Lady Tsugi	-	0	0	20000	200	200	0	51649-Dialogue.mod
Lord Nagata	-	0	0	20000	200	200	0	51713-Dialogue.mod
Yamdu	Traders Guild	0	0	0	200	200	0	59137-Dialogue.mod
Boss Simion	-	0	0	0	200	200	0	65004-Dialogue.mod
Fogman ^^	Fogmen	0	0	500	196	166	30	5026866-Universal Wasteland Expansion.mod
Fogman ^^^	Fogmen	0	0	500	181	151	30	5026867-Universal Wasteland Expansion.mod
Holy Priest /HNNAME/	The Holy Nation	0	0	0	180	100	80	17086-Dialogue.mod
settler 1	-	0	0	0	175	100	75	1982-gamedata.base
settler w blueprints	-	0	0	0	175	100	75	2226-gamedata.base
Yabuta of the Sands	Outlaw/Yabuta Outlaws	0	0	0	150	150	0	63371-Dialogue.mod
Fog Heavy /CANNAME/	Fogmen	0	0	1000	145	45	100	42035-rebirth.mod
Fog Heavy /CANNAME/ ^	Fogmen	0	0	1000	145	45	100	5026869-Universal Wasteland Expansion.mod
Fog Heavy /CANNAME/ ^^	Fogmen	0	0	1000	145	45	100	5026870-Universal Wasteland Expansion.mod
Fog Heavy /CANNAME/ ^^^	Fogmen	0	0	1000	145	45	100	5026871-Universal Wasteland Expansion.mod
Fog Heavy /CANNAME/ ^^^^	Fogmen	0	0	1000	145	45	100	5026872-Universal Wasteland Expansion.mod
Fogman ^^^^	Fogmen	0	0	500	132	102	30	5026868-Universal Wasteland Expansion.mod
Escaped Slave	Empire Peasants/Holy Nation Outlaws	0	0	2000	124	100	24	54295-rebirth.mod
/HIVNAME/	Drifters	0	0	0	120	120	0	55935-Dialogue.mod
/GENNAME/	Drifters/Northern Hive/Southern Hive/The Cold Bloods	0	0	0	120	120	0	53600-Dialogue.mod
Nobody	-	0	0	0	112	100	12	3063-gamedata.base
start- Homeless	-	0	0	0	112	100	12	47927-rebirth.mod
start- buglord and his spiders	-	0	0	0	112	100	12	5033431-Universal Wasteland Expansion.mod
-start Cannibals	-	0	0	0	105	0	105	5030214-Universal Wasteland Expansion.mod
Slave	Outlaw/Slaves	0	0	0	100	100	0	5258-gamedata.base
Lady Sanda	-	0	0	20000	100	100	0	51710-Dialogue.mod
Psycho	Outlaw	0	0	0	100	100	0	63376-Dialogue.mod
Hex	Outlaw	0	0	0	100	100	0	63396-Dialogue.mod
Slave	Outlaw/Slaves	0	0	0	100	100	0	96355-__Southern hive.mod
Slave	Outlaw/Slaves	0	0	0	100	100	0	96357-__Southern hive.mod
Slave	Outlaw/Slaves	0	0	0	100	100	0	96358-__Southern hive.mod
Slave	Outlaw/Slaves	0	0	0	100	100	0	96359-__Southern hive.mod
Slave	Outlaw/Slaves	0	0	0	100	100	0	96360-__Southern hive.mod
Lena	Drifters	0	0	0	100	100	0	5016578-Universal Wasteland Expansion.mod
Tatiana	-	0	0	0	100	100	0	5028148-Universal Wasteland Expansion.mod
Cyber Ray	Outlaw	0	0	0	100	100	0	5070179-Universal Wasteland Expansion.mod
Crush	Fogmen	0	0	10000	60	0	60	2759394-Hiver Expansion.mod
Shred	Fogmen	0	0	10000	60	0	60	2759387-Hiver Expansion.mod
Sinew	Fogmen	0	0	10000	60	0	60	2759376-Hiver Expansion.mod
Tendon	Fogmen	0	0	10000	60	0	60	2759378-Hiver Expansion.mod
Marrow	Fogmen	0	0	10000	60	0	60	5062598-Universal Wasteland Expansion.mod
Raker	Fogmen	0	0	10000	60	0	60	5062607-Universal Wasteland Expansion.mod
Tear	Fogmen	0	0	10000	60	0	60	5062635-Universal Wasteland Expansion.mod
Blue Eyes	Drifters	0	0	0	50	50	0	56870-Dialogue.mod
Slave escapee Holy Nation	Holy Nation Outlaws	0	0	0	30	0	30	8907-Dialogue.mod
Lost Hiver	Western Hive	0	0	0	30	0	30	1531883-rebirth.mod
Lost Prince	Midland Hive/Northern Hive/Western Hive	0	0	0	30	0	30	1531974-__May 18.mod
Lost drone bast	No Faction	0	0	0	30	0	30	2759749-Hiver Expansion.mod
Lost Midland Hiver	Midland Hive	0	0	0	30	0	30	2757608-Midland Hivers.mod
Lost Northern Hiver	Northern Hive	0	0	0	30	0	30	1531925-Northern Hivers.mod
Lost Mech Hiver	Mechanical Hive	0	0	0	30	0	30	5022325-Universal Wasteland Expansion.mod
Lost Mech Prince	Mechanical Hive	0	0	0	30	0	30	5022327-Universal Wasteland Expansion.mod
-start Fogmen	-	0	0	0	24	0	24	5030386-Universal Wasteland Expansion.mod
Naked dude	-	0	0	0	0	0	0	2184-gamedata.base
Flayed Man	-	0	0	0	0	0	0	96801-Newwworld.mod
Flayed Woman	-	0	0	0	0	0	0	96901-Newwworld.mod
Cat	-	0	0	0	0	0	0	45493-Dialogue.mod
/GENNAME/	-	0	0	0	0	0	0	48667-Dialogue.mod
Reva	-	0	0	0	0	0	0	50279-Dialogue.mod
/GENNAME/	-	0	0	0	0	0	0	48668-Dialogue.mod
Pia	-	0	0	0	0	0	0	50280-Dialogue.mod
/GENNAME/	Drifters	0	0	0	0	0	0	47630-Dialogue.mod
Skull collector	-	0	0	0	0	0	0	47755-Dialogue.mod
/HIVNAME/	Drifters	0	0	0	0	0	0	55933-Dialogue.mod
Silvershade	Drifters	0	0	0	0	0	0	20018-Dialogue.mod
Knife	-	0	0	0	0	0	0	50265-Dialogue.mod
Barman /HNNAME/	-	0	0	0	0	0	0	43356-Dialogue.mod
Kang	-	0	0	0	0	0	0	19498-Dialogue.mod
Digna	-	0	0	0	0	0	0	50371-Dialogue.mod
Miu	Swampers	0	0	0	0	0	0	49182-Dialogue.mod
/SKNAME/	Drifters	0	0	0	0	0	0	19638-Dialogue.mod
Rane The Giant	-	0	0	0	0	0	0	19503-Dialogue.mod
/SKNAME/	Drifters	0	0	0	0	0	0	19724-Dialogue.mod
Trade goods adv holy	-	0	0	0	0	0	0	43401-Dialogue.mod
Hobbs	Drifters	0	0	0	0	0	0	8933-Dialogue.mod
Empire Noble	-	0	0	0	0	0	0	43618-Dialogue.mod
/HNNAME/	-	0	0	0	0	0	0	42239-Dialogue.mod
Ruka	-	0	0	0	0	0	0	19576-Dialogue.mod
imprisoned skeleton recruit	-	0	0	0	0	0	0	46229-Dialogue.mod
Red	-	0	0	0	0	0	0	8302-Dialogue.mod
Iyo	Machinists	0	0	0	0	0	0	50954-Dialogue.mod
Barman	-	0	0	0	0	0	0	50503-Dialogue.mod
/HNNAME/	-	0	0	0	0	0	0	42238-Dialogue.mod
Bo	-	0	0	0	0	0	0	7994-D-Dialogue.mod
Green Finger	-	0	0	0	0	0	0	50496-Dialogue.mod
Test	-	0	0	0	0	0	0	16912-Dialogue.mod
Oron	-	0	0	0	0	0	0	19539-Dialogue.mod
Ells	-	0	0	0	0	0	0	8233-Dialogue.mod
/GENNAME/	Drifters/The Cold Bloods	0	0	0	0	0	0	15255-Dialogue.mod
Horse	-	0	0	0	0	0	0	50449-Dialogue.mod
Izumi	-	0	0	0	0	0	0	19939-Dialogue.mod
/GENNAME/	Drifters	0	0	0	0	0	0	47629-Dialogue.mod
Doctor Chung	-	0	0	0	0	0	0	19904-Dialogue.mod
Jewel	-	0	0	0	0	0	0	44420-Dialogue.mod
Mani	Flotsam Ninjas	0	0	0	0	0	0	50963-Dialogue.mod
Item trader adv holy	-	0	0	0	0	0	0	43398-Dialogue.mod
Lord Ohta	-	0	0	20000	0	0	0	51709-Dialogue.mod
Ray	-	0	0	0	0	0	0	51800-Dialogue.mod
/GENNAME/	Drifters/The Cold Bloods	0	0	0	0	0	0	52667-Dialogue.mod
Green	Swampers	0	0	0	0	0	0	53482-Dialogue.mod
Headshot	-	0	0	0	0	0	0	53598-Dialogue.mod
Escape slave Empire	Empire Peasants/Holy Nation Outlaws/Slaves	0	0	0	0	0	0	54418-Dialogue.mod
Garret's slave	-	0	0	0	0	0	0	55056-Dialogue.mod
Garret	-	0	0	0	0	0	0	55057-Dialogue.mod
Sadneil	Skeletons	0	0	0	0	0	0	55590-Dialogue.mod
Goat Man	-	0	0	0	0	0	0	56041-Dialogue.mod
Exile --delete--	-	0	0	0	0	0	0	56281-Dialogue.mod
Grey	-	0	0	0	0	0	0	56734-Dialogue.mod
Razor	Outlaw	0	0	0	0	0	0	56892-Dialogue.mod
Shryke	Drifters	0	0	0	0	0	0	56925-Dialogue.mod
Holy Pacifier /HNNAME/	-	0	0	0	0	0	0	58277-Dialogue.mod
UC Pacifier /UCNAME/	-	0	0	0	0	0	0	58278-Dialogue.mod
Guild Pacifier /UCNAME/	-	0	0	0	0	0	0	58279-Dialogue.mod
Ears	Hounds	0	0	0	0	0	0	58990-Dialogue.mod
Luquin	Outlaw	0	0	0	0	0	0	62403-Dialogue.mod
Lost drone	-	0	0	0	0	0	0	62552-Dialogue.mod
The Elder	-	0	0	0	0	0	0	63064-Dialogue.mod
Test2 copy	-	0	0	0	0	0	0	63278-Dialogue.mod
Espher	Outlaw	0	0	0	0	0	0	63388-Dialogue.mod
Sinklyde	Outlaw	0	0	0	0	0	0	63407-Dialogue.mod
Rebirth Slave	Rebirth Slaves	0	0	0	0	0	0	49394-rebirth.mod
Lower Servant	Slaves	0	0	0	0	0	0	43394-rebirth.mod
Student	-	0	0	0	0	0	0	9096-Dialogue.mod
Skeleton Patron	Skeletons	0	0	0	0	0	0	1534017-Dialogue.mod
Fark Guard	-	0	0	0	0	0	0	16841-Dialogue.mod
Drifter-cannibal escapee	-	0	0	0	0	0	0	9328-Dialogue.mod
/GENNAME/	Drifters/Northern Hive/Southern Hive	0	0	0	0	0	0	52681-Dialogue.mod
Test2	-	0	0	0	0	0	0	53360-Dialogue.mod
/GENNAME/	Drifters/Northern Hive/Southern Hive/The Cold Bloods	0	0	0	0	0	0	53389-Dialogue.mod
Pacifier /GENNAME/	-	0	0	0	0	0	0	58287-Dialogue.mod
Suspicious Settler	-	0	0	0	0	0	0	58417-Dialogue.mod
TG Diplomat	-	0	0	0	0	0	0	97602-Dialogue.mod
Screamy	Outlaw	0	0	0	0	0	0	63368-Dialogue.mod
Robotics Trader /GENNAME/	-	0	0	0	0	0	0	95866-Dialogue.mod
Yayoi	Flotsam Ninjas	0	0	0	0	0	0	1534472-Dialogue.mod
-start Fishmen	-	0	0	0	0	0	0	5030419-Universal Wasteland Expansion.mod
Wanderer maxxed MA copy	-	0	0	0	0	0	0	5042166-Universal Wasteland Expansion.mod
Quadri dude	-	0	0	0	0	0	0	5061184-Universal Wasteland Expansion.mod
Econony Limb dude	-	0	0	0	0	0	0	5061648-Universal Wasteland Expansion.mod
